ISO-10303-21;
HEADER;
/* Generated by software containing ST-Developer
 * from STEP Tools, Inc. (www.steptools.com) 
 */

FILE_DESCRIPTION(
/* description */ (''),
/* implementation_level */ '2;1');

FILE_NAME(
/* name */ 'Base_Complete.step',
/* time_stamp */ '2025-08-13T21:12:19-05:00',
/* author */ (''),
/* organization */ (''),
/* preprocessor_version */ 'ST-DEVELOPER v20.1',
/* originating_system */ 'Autodesk Translation Framework v14.10.0.0',
/* authorisation */ '');

FILE_SCHEMA (('AUTOMOTIVE_DESIGN { 1 0 10303 214 3 1 1 }'));
ENDSEC;

DATA;
#10=MECHANICAL_DESIGN_GEOMETRIC_PRESENTATION_REPRESENTATION('',(#13),#4938);
#11=SHAPE_REPRESENTATION_RELATIONSHIP('SRR','None',#4944,#12);
#12=ADVANCED_BREP_SHAPE_REPRESENTATION('',(#3135),#4937);
#13=STYLED_ITEM('',(#4966),#3135);
#14=ORIENTED_CLOSED_SHELL('',*,#3132,.F.);
#15=ORIENTED_CLOSED_SHELL('',*,#3133,.F.);
#16=ORIENTED_CLOSED_SHELL('',*,#3134,.F.);
#17=FACE_BOUND('',#179,.T.);
#18=FACE_OUTER_BOUND('',#175,.T.);
#19=FACE_OUTER_BOUND('',#176,.T.);
#20=FACE_OUTER_BOUND('',#177,.T.);
#21=FACE_OUTER_BOUND('',#178,.T.);
#22=FACE_OUTER_BOUND('',#180,.T.);
#23=FACE_OUTER_BOUND('',#181,.T.);
#24=FACE_OUTER_BOUND('',#182,.T.);
#25=FACE_OUTER_BOUND('',#183,.T.);
#26=FACE_OUTER_BOUND('',#184,.T.);
#27=FACE_OUTER_BOUND('',#185,.T.);
#28=FACE_OUTER_BOUND('',#186,.T.);
#29=FACE_OUTER_BOUND('',#187,.T.);
#30=FACE_OUTER_BOUND('',#188,.T.);
#31=FACE_OUTER_BOUND('',#189,.T.);
#32=FACE_OUTER_BOUND('',#190,.T.);
#33=FACE_OUTER_BOUND('',#191,.T.);
#34=FACE_OUTER_BOUND('',#192,.T.);
#35=FACE_OUTER_BOUND('',#193,.T.);
#36=FACE_OUTER_BOUND('',#194,.T.);
#37=FACE_OUTER_BOUND('',#195,.T.);
#38=FACE_OUTER_BOUND('',#196,.T.);
#39=FACE_OUTER_BOUND('',#197,.T.);
#40=FACE_OUTER_BOUND('',#198,.T.);
#41=FACE_OUTER_BOUND('',#199,.T.);
#42=FACE_OUTER_BOUND('',#200,.T.);
#43=FACE_OUTER_BOUND('',#201,.T.);
#44=FACE_OUTER_BOUND('',#202,.T.);
#45=FACE_OUTER_BOUND('',#203,.T.);
#46=FACE_OUTER_BOUND('',#204,.T.);
#47=FACE_OUTER_BOUND('',#205,.T.);
#48=FACE_OUTER_BOUND('',#206,.T.);
#49=FACE_OUTER_BOUND('',#207,.T.);
#50=FACE_OUTER_BOUND('',#208,.T.);
#51=FACE_OUTER_BOUND('',#209,.T.);
#52=FACE_OUTER_BOUND('',#210,.T.);
#53=FACE_OUTER_BOUND('',#211,.T.);
#54=FACE_OUTER_BOUND('',#212,.T.);
#55=FACE_OUTER_BOUND('',#213,.T.);
#56=FACE_OUTER_BOUND('',#214,.T.);
#57=FACE_OUTER_BOUND('',#215,.T.);
#58=FACE_OUTER_BOUND('',#216,.T.);
#59=FACE_OUTER_BOUND('',#217,.T.);
#60=FACE_OUTER_BOUND('',#218,.T.);
#61=FACE_OUTER_BOUND('',#219,.T.);
#62=FACE_OUTER_BOUND('',#220,.T.);
#63=FACE_OUTER_BOUND('',#221,.T.);
#64=FACE_OUTER_BOUND('',#222,.T.);
#65=FACE_OUTER_BOUND('',#223,.T.);
#66=FACE_OUTER_BOUND('',#224,.T.);
#67=FACE_OUTER_BOUND('',#225,.T.);
#68=FACE_OUTER_BOUND('',#226,.T.);
#69=FACE_OUTER_BOUND('',#227,.T.);
#70=FACE_OUTER_BOUND('',#228,.T.);
#71=FACE_OUTER_BOUND('',#229,.T.);
#72=FACE_OUTER_BOUND('',#230,.T.);
#73=FACE_OUTER_BOUND('',#231,.T.);
#74=FACE_OUTER_BOUND('',#232,.T.);
#75=FACE_OUTER_BOUND('',#233,.T.);
#76=FACE_OUTER_BOUND('',#234,.T.);
#77=FACE_OUTER_BOUND('',#235,.T.);
#78=FACE_OUTER_BOUND('',#236,.T.);
#79=FACE_OUTER_BOUND('',#237,.T.);
#80=FACE_OUTER_BOUND('',#238,.T.);
#81=FACE_OUTER_BOUND('',#239,.T.);
#82=FACE_OUTER_BOUND('',#240,.T.);
#83=FACE_OUTER_BOUND('',#241,.T.);
#84=FACE_OUTER_BOUND('',#242,.T.);
#85=FACE_OUTER_BOUND('',#243,.T.);
#86=FACE_OUTER_BOUND('',#244,.T.);
#87=FACE_OUTER_BOUND('',#245,.T.);
#88=FACE_OUTER_BOUND('',#246,.T.);
#89=FACE_OUTER_BOUND('',#247,.T.);
#90=FACE_OUTER_BOUND('',#248,.T.);
#91=FACE_OUTER_BOUND('',#249,.T.);
#92=FACE_OUTER_BOUND('',#250,.T.);
#93=FACE_OUTER_BOUND('',#251,.T.);
#94=FACE_OUTER_BOUND('',#252,.T.);
#95=FACE_OUTER_BOUND('',#253,.T.);
#96=FACE_OUTER_BOUND('',#254,.T.);
#97=FACE_OUTER_BOUND('',#255,.T.);
#98=FACE_OUTER_BOUND('',#256,.T.);
#99=FACE_OUTER_BOUND('',#257,.T.);
#100=FACE_OUTER_BOUND('',#258,.T.);
#101=FACE_OUTER_BOUND('',#259,.T.);
#102=FACE_OUTER_BOUND('',#260,.T.);
#103=FACE_OUTER_BOUND('',#261,.T.);
#104=FACE_OUTER_BOUND('',#262,.T.);
#105=FACE_OUTER_BOUND('',#263,.T.);
#106=FACE_OUTER_BOUND('',#264,.T.);
#107=FACE_OUTER_BOUND('',#265,.T.);
#108=FACE_OUTER_BOUND('',#266,.T.);
#109=FACE_OUTER_BOUND('',#267,.T.);
#110=FACE_OUTER_BOUND('',#268,.T.);
#111=FACE_OUTER_BOUND('',#269,.T.);
#112=FACE_OUTER_BOUND('',#270,.T.);
#113=FACE_OUTER_BOUND('',#271,.T.);
#114=FACE_OUTER_BOUND('',#272,.T.);
#115=FACE_OUTER_BOUND('',#273,.T.);
#116=FACE_OUTER_BOUND('',#274,.T.);
#117=FACE_OUTER_BOUND('',#275,.T.);
#118=FACE_OUTER_BOUND('',#276,.T.);
#119=FACE_OUTER_BOUND('',#277,.T.);
#120=FACE_OUTER_BOUND('',#278,.T.);
#121=FACE_OUTER_BOUND('',#279,.T.);
#122=FACE_OUTER_BOUND('',#280,.T.);
#123=FACE_OUTER_BOUND('',#281,.T.);
#124=FACE_OUTER_BOUND('',#282,.T.);
#125=FACE_OUTER_BOUND('',#283,.T.);
#126=FACE_OUTER_BOUND('',#284,.T.);
#127=FACE_OUTER_BOUND('',#285,.T.);
#128=FACE_OUTER_BOUND('',#286,.T.);
#129=FACE_OUTER_BOUND('',#287,.T.);
#130=FACE_OUTER_BOUND('',#288,.T.);
#131=FACE_OUTER_BOUND('',#289,.T.);
#132=FACE_OUTER_BOUND('',#290,.T.);
#133=FACE_OUTER_BOUND('',#291,.T.);
#134=FACE_OUTER_BOUND('',#292,.T.);
#135=FACE_OUTER_BOUND('',#293,.T.);
#136=FACE_OUTER_BOUND('',#294,.T.);
#137=FACE_OUTER_BOUND('',#295,.T.);
#138=FACE_OUTER_BOUND('',#296,.T.);
#139=FACE_OUTER_BOUND('',#297,.T.);
#140=FACE_OUTER_BOUND('',#298,.T.);
#141=FACE_OUTER_BOUND('',#299,.T.);
#142=FACE_OUTER_BOUND('',#300,.T.);
#143=FACE_OUTER_BOUND('',#301,.T.);
#144=FACE_OUTER_BOUND('',#302,.T.);
#145=FACE_OUTER_BOUND('',#303,.T.);
#146=FACE_OUTER_BOUND('',#304,.T.);
#147=FACE_OUTER_BOUND('',#305,.T.);
#148=FACE_OUTER_BOUND('',#306,.T.);
#149=FACE_OUTER_BOUND('',#307,.T.);
#150=FACE_OUTER_BOUND('',#308,.T.);
#151=FACE_OUTER_BOUND('',#309,.T.);
#152=FACE_OUTER_BOUND('',#310,.T.);
#153=FACE_OUTER_BOUND('',#311,.T.);
#154=FACE_OUTER_BOUND('',#312,.T.);
#155=FACE_OUTER_BOUND('',#313,.T.);
#156=FACE_OUTER_BOUND('',#314,.T.);
#157=FACE_OUTER_BOUND('',#315,.T.);
#158=FACE_OUTER_BOUND('',#316,.T.);
#159=FACE_OUTER_BOUND('',#317,.T.);
#160=FACE_OUTER_BOUND('',#318,.T.);
#161=FACE_OUTER_BOUND('',#319,.T.);
#162=FACE_OUTER_BOUND('',#320,.T.);
#163=FACE_OUTER_BOUND('',#321,.T.);
#164=FACE_OUTER_BOUND('',#322,.T.);
#165=FACE_OUTER_BOUND('',#323,.T.);
#166=FACE_OUTER_BOUND('',#324,.T.);
#167=FACE_OUTER_BOUND('',#325,.T.);
#168=FACE_OUTER_BOUND('',#326,.T.);
#169=FACE_OUTER_BOUND('',#327,.T.);
#170=FACE_OUTER_BOUND('',#328,.T.);
#171=FACE_OUTER_BOUND('',#329,.T.);
#172=FACE_OUTER_BOUND('',#330,.T.);
#173=FACE_OUTER_BOUND('',#331,.T.);
#174=FACE_OUTER_BOUND('',#332,.T.);
#175=EDGE_LOOP('',(#1939,#1940,#1941,#1942));
#176=EDGE_LOOP('',(#1943,#1944,#1945,#1946));
#177=EDGE_LOOP('',(#1947,#1948,#1949,#1950,#1951,#1952,#1953,#1954,#1955,
#1956,#1957,#1958,#1959,#1960,#1961,#1962));
#178=EDGE_LOOP('',(#1963,#1964,#1965,#1966,#1967,#1968,#1969));
#179=EDGE_LOOP('',(#1970,#1971,#1972,#1973));
#180=EDGE_LOOP('',(#1974,#1975,#1976,#1977,#1978,#1979,#1980,#1981));
#181=EDGE_LOOP('',(#1982,#1983,#1984,#1985));
#182=EDGE_LOOP('',(#1986,#1987,#1988,#1989));
#183=EDGE_LOOP('',(#1990,#1991,#1992,#1993));
#184=EDGE_LOOP('',(#1994,#1995,#1996,#1997,#1998,#1999,#2000,#2001));
#185=EDGE_LOOP('',(#2002,#2003,#2004,#2005));
#186=EDGE_LOOP('',(#2006,#2007,#2008,#2009));
#187=EDGE_LOOP('',(#2010,#2011,#2012,#2013,#2014,#2015,#2016,#2017,#2018,
#2019));
#188=EDGE_LOOP('',(#2020,#2021,#2022,#2023,#2024,#2025));
#189=EDGE_LOOP('',(#2026,#2027,#2028,#2029,#2030,#2031));
#190=EDGE_LOOP('',(#2032,#2033,#2034,#2035,#2036,#2037));
#191=EDGE_LOOP('',(#2038,#2039,#2040,#2041,#2042,#2043));
#192=EDGE_LOOP('',(#2044,#2045,#2046,#2047,#2048,#2049,#2050,#2051));
#193=EDGE_LOOP('',(#2052,#2053,#2054,#2055));
#194=EDGE_LOOP('',(#2056,#2057,#2058,#2059,#2060,#2061,#2062,#2063));
#195=EDGE_LOOP('',(#2064,#2065,#2066,#2067,#2068,#2069));
#196=EDGE_LOOP('',(#2070,#2071,#2072,#2073,#2074,#2075,#2076,#2077));
#197=EDGE_LOOP('',(#2078,#2079,#2080,#2081,#2082,#2083));
#198=EDGE_LOOP('',(#2084,#2085,#2086,#2087,#2088,#2089));
#199=EDGE_LOOP('',(#2090,#2091,#2092,#2093,#2094,#2095,#2096,#2097));
#200=EDGE_LOOP('',(#2098,#2099,#2100,#2101,#2102,#2103));
#201=EDGE_LOOP('',(#2104,#2105,#2106,#2107));
#202=EDGE_LOOP('',(#2108,#2109,#2110,#2111,#2112,#2113,#2114,#2115));
#203=EDGE_LOOP('',(#2116,#2117,#2118,#2119));
#204=EDGE_LOOP('',(#2120,#2121,#2122,#2123,#2124,#2125));
#205=EDGE_LOOP('',(#2126,#2127,#2128,#2129,#2130,#2131));
#206=EDGE_LOOP('',(#2132,#2133,#2134,#2135,#2136,#2137));
#207=EDGE_LOOP('',(#2138,#2139,#2140,#2141));
#208=EDGE_LOOP('',(#2142,#2143,#2144,#2145,#2146,#2147));
#209=EDGE_LOOP('',(#2148,#2149,#2150,#2151,#2152,#2153));
#210=EDGE_LOOP('',(#2154,#2155,#2156,#2157));
#211=EDGE_LOOP('',(#2158,#2159,#2160,#2161,#2162,#2163));
#212=EDGE_LOOP('',(#2164,#2165,#2166,#2167));
#213=EDGE_LOOP('',(#2168,#2169,#2170,#2171));
#214=EDGE_LOOP('',(#2172,#2173,#2174,#2175,#2176,#2177,#2178,#2179,#2180,
#2181));
#215=EDGE_LOOP('',(#2182,#2183,#2184,#2185));
#216=EDGE_LOOP('',(#2186,#2187,#2188,#2189,#2190,#2191));
#217=EDGE_LOOP('',(#2192,#2193,#2194,#2195));
#218=EDGE_LOOP('',(#2196,#2197,#2198,#2199,#2200,#2201));
#219=EDGE_LOOP('',(#2202,#2203,#2204,#2205,#2206,#2207));
#220=EDGE_LOOP('',(#2208,#2209,#2210,#2211));
#221=EDGE_LOOP('',(#2212,#2213,#2214,#2215));
#222=EDGE_LOOP('',(#2216,#2217,#2218,#2219));
#223=EDGE_LOOP('',(#2220,#2221,#2222,#2223,#2224,#2225,#2226,#2227,#2228,
#2229));
#224=EDGE_LOOP('',(#2230,#2231,#2232,#2233));
#225=EDGE_LOOP('',(#2234,#2235,#2236,#2237));
#226=EDGE_LOOP('',(#2238,#2239,#2240,#2241));
#227=EDGE_LOOP('',(#2242,#2243,#2244,#2245,#2246,#2247));
#228=EDGE_LOOP('',(#2248,#2249,#2250,#2251));
#229=EDGE_LOOP('',(#2252,#2253,#2254,#2255));
#230=EDGE_LOOP('',(#2256,#2257,#2258,#2259,#2260,#2261));
#231=EDGE_LOOP('',(#2262,#2263,#2264,#2265,#2266,#2267));
#232=EDGE_LOOP('',(#2268,#2269,#2270,#2271));
#233=EDGE_LOOP('',(#2272,#2273,#2274,#2275,#2276,#2277));
#234=EDGE_LOOP('',(#2278,#2279,#2280,#2281));
#235=EDGE_LOOP('',(#2282,#2283,#2284,#2285,#2286,#2287,#2288,#2289,#2290,
#2291));
#236=EDGE_LOOP('',(#2292,#2293,#2294,#2295));
#237=EDGE_LOOP('',(#2296,#2297,#2298,#2299));
#238=EDGE_LOOP('',(#2300,#2301,#2302,#2303));
#239=EDGE_LOOP('',(#2304,#2305,#2306,#2307,#2308,#2309));
#240=EDGE_LOOP('',(#2310,#2311,#2312,#2313,#2314,#2315));
#241=EDGE_LOOP('',(#2316,#2317,#2318,#2319));
#242=EDGE_LOOP('',(#2320,#2321,#2322,#2323));
#243=EDGE_LOOP('',(#2324,#2325,#2326,#2327,#2328,#2329));
#244=EDGE_LOOP('',(#2330,#2331,#2332,#2333,#2334,#2335));
#245=EDGE_LOOP('',(#2336,#2337,#2338,#2339));
#246=EDGE_LOOP('',(#2340,#2341,#2342,#2343,#2344,#2345,#2346,#2347,#2348));
#247=EDGE_LOOP('',(#2349,#2350,#2351,#2352));
#248=EDGE_LOOP('',(#2353,#2354,#2355,#2356,#2357,#2358,#2359,#2360,#2361,
#2362));
#249=EDGE_LOOP('',(#2363,#2364,#2365,#2366));
#250=EDGE_LOOP('',(#2367,#2368,#2369,#2370));
#251=EDGE_LOOP('',(#2371,#2372,#2373,#2374,#2375,#2376));
#252=EDGE_LOOP('',(#2377,#2378,#2379,#2380));
#253=EDGE_LOOP('',(#2381,#2382,#2383,#2384));
#254=EDGE_LOOP('',(#2385,#2386,#2387,#2388));
#255=EDGE_LOOP('',(#2389,#2390,#2391,#2392,#2393,#2394,#2395));
#256=EDGE_LOOP('',(#2396,#2397,#2398,#2399));
#257=EDGE_LOOP('',(#2400,#2401,#2402,#2403));
#258=EDGE_LOOP('',(#2404,#2405,#2406,#2407));
#259=EDGE_LOOP('',(#2408,#2409,#2410,#2411,#2412,#2413,#2414));
#260=EDGE_LOOP('',(#2415,#2416,#2417,#2418,#2419,#2420));
#261=EDGE_LOOP('',(#2421,#2422,#2423,#2424,#2425));
#262=EDGE_LOOP('',(#2426,#2427,#2428,#2429,#2430));
#263=EDGE_LOOP('',(#2431,#2432,#2433,#2434));
#264=EDGE_LOOP('',(#2435,#2436,#2437,#2438,#2439));
#265=EDGE_LOOP('',(#2440,#2441,#2442,#2443,#2444,#2445,#2446,#2447,#2448,
#2449,#2450,#2451,#2452,#2453,#2454,#2455));
#266=EDGE_LOOP('',(#2456,#2457,#2458,#2459,#2460,#2461));
#267=EDGE_LOOP('',(#2462,#2463,#2464,#2465));
#268=EDGE_LOOP('',(#2466,#2467,#2468,#2469));
#269=EDGE_LOOP('',(#2470,#2471,#2472,#2473));
#270=EDGE_LOOP('',(#2474,#2475,#2476,#2477));
#271=EDGE_LOOP('',(#2478,#2479,#2480,#2481));
#272=EDGE_LOOP('',(#2482,#2483,#2484,#2485));
#273=EDGE_LOOP('',(#2486,#2487,#2488,#2489,#2490,#2491));
#274=EDGE_LOOP('',(#2492,#2493,#2494,#2495,#2496,#2497,#2498,#2499));
#275=EDGE_LOOP('',(#2500,#2501,#2502,#2503));
#276=EDGE_LOOP('',(#2504,#2505,#2506,#2507,#2508,#2509,#2510));
#277=EDGE_LOOP('',(#2511,#2512,#2513,#2514,#2515,#2516,#2517));
#278=EDGE_LOOP('',(#2518,#2519,#2520,#2521,#2522));
#279=EDGE_LOOP('',(#2523,#2524,#2525,#2526));
#280=EDGE_LOOP('',(#2527,#2528,#2529,#2530));
#281=EDGE_LOOP('',(#2531,#2532,#2533,#2534,#2535));
#282=EDGE_LOOP('',(#2536,#2537,#2538,#2539,#2540,#2541));
#283=EDGE_LOOP('',(#2542,#2543,#2544,#2545,#2546,#2547));
#284=EDGE_LOOP('',(#2548,#2549,#2550,#2551,#2552,#2553,#2554,#2555,#2556,
#2557,#2558,#2559,#2560,#2561,#2562,#2563));
#285=EDGE_LOOP('',(#2564,#2565,#2566,#2567));
#286=EDGE_LOOP('',(#2568,#2569,#2570,#2571));
#287=EDGE_LOOP('',(#2572,#2573,#2574,#2575));
#288=EDGE_LOOP('',(#2576,#2577,#2578,#2579,#2580,#2581));
#289=EDGE_LOOP('',(#2582,#2583,#2584,#2585));
#290=EDGE_LOOP('',(#2586,#2587,#2588,#2589,#2590,#2591));
#291=EDGE_LOOP('',(#2592,#2593,#2594,#2595,#2596,#2597,#2598,#2599,#2600,
#2601,#2602,#2603,#2604,#2605,#2606,#2607));
#292=EDGE_LOOP('',(#2608,#2609,#2610,#2611));
#293=EDGE_LOOP('',(#2612,#2613,#2614,#2615,#2616,#2617));
#294=EDGE_LOOP('',(#2618,#2619,#2620,#2621,#2622,#2623,#2624));
#295=EDGE_LOOP('',(#2625,#2626,#2627,#2628,#2629));
#296=EDGE_LOOP('',(#2630,#2631,#2632,#2633));
#297=EDGE_LOOP('',(#2634,#2635,#2636,#2637,#2638));
#298=EDGE_LOOP('',(#2639,#2640,#2641,#2642));
#299=EDGE_LOOP('',(#2643,#2644,#2645,#2646,#2647,#2648));
#300=EDGE_LOOP('',(#2649,#2650,#2651,#2652,#2653,#2654,#2655,#2656,#2657,
#2658,#2659,#2660,#2661,#2662,#2663,#2664));
#301=EDGE_LOOP('',(#2665,#2666,#2667,#2668,#2669,#2670));
#302=EDGE_LOOP('',(#2671,#2672,#2673,#2674));
#303=EDGE_LOOP('',(#2675,#2676,#2677,#2678,#2679,#2680));
#304=EDGE_LOOP('',(#2681,#2682,#2683,#2684,#2685,#2686));
#305=EDGE_LOOP('',(#2687,#2688,#2689,#2690,#2691,#2692));
#306=EDGE_LOOP('',(#2693,#2694,#2695,#2696));
#307=EDGE_LOOP('',(#2697,#2698,#2699,#2700));
#308=EDGE_LOOP('',(#2701,#2702,#2703,#2704));
#309=EDGE_LOOP('',(#2705,#2706,#2707,#2708));
#310=EDGE_LOOP('',(#2709,#2710,#2711,#2712));
#311=EDGE_LOOP('',(#2713,#2714,#2715,#2716,#2717,#2718,#2719,#2720,#2721,
#2722,#2723,#2724,#2725,#2726,#2727,#2728));
#312=EDGE_LOOP('',(#2729,#2730,#2731,#2732));
#313=EDGE_LOOP('',(#2733,#2734,#2735,#2736));
#314=EDGE_LOOP('',(#2737,#2738,#2739,#2740,#2741,#2742));
#315=EDGE_LOOP('',(#2743,#2744,#2745,#2746));
#316=EDGE_LOOP('',(#2747,#2748,#2749,#2750));
#317=EDGE_LOOP('',(#2751,#2752,#2753,#2754));
#318=EDGE_LOOP('',(#2755,#2756,#2757,#2758,#2759,#2760));
#319=EDGE_LOOP('',(#2761,#2762,#2763,#2764));
#320=EDGE_LOOP('',(#2765,#2766,#2767,#2768));
#321=EDGE_LOOP('',(#2769,#2770,#2771,#2772));
#322=EDGE_LOOP('',(#2773,#2774,#2775,#2776));
#323=EDGE_LOOP('',(#2777,#2778,#2779,#2780));
#324=EDGE_LOOP('',(#2781,#2782,#2783,#2784));
#325=EDGE_LOOP('',(#2785,#2786,#2787,#2788));
#326=EDGE_LOOP('',(#2789,#2790,#2791,#2792));
#327=EDGE_LOOP('',(#2793,#2794,#2795,#2796));
#328=EDGE_LOOP('',(#2797,#2798,#2799,#2800));
#329=EDGE_LOOP('',(#2801,#2802,#2803,#2804));
#330=EDGE_LOOP('',(#2805,#2806,#2807,#2808));
#331=EDGE_LOOP('',(#2809,#2810,#2811,#2812));
#332=EDGE_LOOP('',(#2813,#2814,#2815,#2816));
#333=LINE('',#4053,#772);
#334=LINE('',#4055,#773);
#335=LINE('',#4057,#774);
#336=LINE('',#4058,#775);
#337=LINE('',#4061,#776);
#338=LINE('',#4063,#777);
#339=LINE('',#4064,#778);
#340=LINE('',#4068,#779);
#341=LINE('',#4070,#780);
#342=LINE('',#4072,#781);
#343=LINE('',#4073,#782);
#344=LINE('',#4075,#783);
#345=LINE('',#4077,#784);
#346=LINE('',#4079,#785);
#347=LINE('',#4081,#786);
#348=LINE('',#4083,#787);
#349=LINE('',#4085,#788);
#350=LINE('',#4087,#789);
#351=LINE('',#4089,#790);
#352=LINE('',#4091,#791);
#353=LINE('',#4093,#792);
#354=LINE('',#4094,#793);
#355=LINE('',#4098,#794);
#356=LINE('',#4100,#795);
#357=LINE('',#4102,#796);
#358=LINE('',#4104,#797);
#359=LINE('',#4106,#798);
#360=LINE('',#4108,#799);
#361=LINE('',#4109,#800);
#362=LINE('',#4110,#801);
#363=LINE('',#4113,#802);
#364=LINE('',#4115,#803);
#365=LINE('',#4116,#804);
#366=LINE('',#4117,#805);
#367=LINE('',#4120,#806);
#368=LINE('',#4122,#807);
#369=LINE('',#4123,#808);
#370=LINE('',#4126,#809);
#371=LINE('',#4128,#810);
#372=LINE('',#4129,#811);
#373=LINE('',#4132,#812);
#374=LINE('',#4134,#813);
#375=LINE('',#4135,#814);
#376=LINE('',#4138,#815);
#377=LINE('',#4140,#816);
#378=LINE('',#4142,#817);
#379=LINE('',#4144,#818);
#380=LINE('',#4146,#819);
#381=LINE('',#4148,#820);
#382=LINE('',#4149,#821);
#383=LINE('',#4152,#822);
#384=LINE('',#4154,#823);
#385=LINE('',#4155,#824);
#386=LINE('',#4158,#825);
#387=LINE('',#4160,#826);
#388=LINE('',#4161,#827);
#389=LINE('',#4164,#828);
#390=LINE('',#4166,#829);
#391=LINE('',#4168,#830);
#392=LINE('',#4170,#831);
#393=LINE('',#4172,#832);
#394=LINE('',#4174,#833);
#395=LINE('',#4176,#834);
#396=LINE('',#4178,#835);
#397=LINE('',#4179,#836);
#398=LINE('',#4183,#837);
#399=LINE('',#4185,#838);
#400=LINE('',#4187,#839);
#401=LINE('',#4189,#840);
#402=LINE('',#4191,#841);
#403=LINE('',#4192,#842);
#404=LINE('',#4195,#843);
#405=LINE('',#4197,#844);
#406=LINE('',#4199,#845);
#407=LINE('',#4201,#846);
#408=LINE('',#4202,#847);
#409=LINE('',#4206,#848);
#410=LINE('',#4208,#849);
#411=LINE('',#4210,#850);
#412=LINE('',#4212,#851);
#413=LINE('',#4214,#852);
#414=LINE('',#4215,#853);
#415=LINE('',#4218,#854);
#416=LINE('',#4220,#855);
#417=LINE('',#4222,#856);
#418=LINE('',#4224,#857);
#419=LINE('',#4225,#858);
#420=LINE('',#4228,#859);
#421=LINE('',#4230,#860);
#422=LINE('',#4232,#861);
#423=LINE('',#4234,#862);
#424=LINE('',#4236,#863);
#425=LINE('',#4238,#864);
#426=LINE('',#4239,#865);
#427=LINE('',#4242,#866);
#428=LINE('',#4243,#867);
#429=LINE('',#4245,#868);
#430=LINE('',#4247,#869);
#431=LINE('',#4249,#870);
#432=LINE('',#4250,#871);
#433=LINE('',#4253,#872);
#434=LINE('',#4255,#873);
#435=LINE('',#4257,#874);
#436=LINE('',#4259,#875);
#437=LINE('',#4260,#876);
#438=LINE('',#4263,#877);
#439=LINE('',#4265,#878);
#440=LINE('',#4267,#879);
#441=LINE('',#4269,#880);
#442=LINE('',#4271,#881);
#443=LINE('',#4273,#882);
#444=LINE('',#4274,#883);
#445=LINE('',#4277,#884);
#446=LINE('',#4279,#885);
#447=LINE('',#4281,#886);
#448=LINE('',#4282,#887);
#449=LINE('',#4286,#888);
#450=LINE('',#4288,#889);
#451=LINE('',#4290,#890);
#452=LINE('',#4292,#891);
#453=LINE('',#4294,#892);
#454=LINE('',#4295,#893);
#455=LINE('',#4297,#894);
#456=LINE('',#4299,#895);
#457=LINE('',#4301,#896);
#458=LINE('',#4303,#897);
#459=LINE('',#4304,#898);
#460=LINE('',#4307,#899);
#461=LINE('',#4309,#900);
#462=LINE('',#4311,#901);
#463=LINE('',#4312,#902);
#464=LINE('',#4316,#903);
#465=LINE('',#4318,#904);
#466=LINE('',#4320,#905);
#467=LINE('',#4321,#906);
#468=LINE('',#4324,#907);
#469=LINE('',#4326,#908);
#470=LINE('',#4328,#909);
#471=LINE('',#4330,#910);
#472=LINE('',#4332,#911);
#473=LINE('',#4334,#912);
#474=LINE('',#4335,#913);
#475=LINE('',#4338,#914);
#476=LINE('',#4340,#915);
#477=LINE('',#4341,#916);
#478=LINE('',#4344,#917);
#479=LINE('',#4345,#918);
#480=LINE('',#4348,#919);
#481=LINE('',#4350,#920);
#482=LINE('',#4352,#921);
#483=LINE('',#4354,#922);
#484=LINE('',#4355,#923);
#485=LINE('',#4358,#924);
#486=LINE('',#4360,#925);
#487=LINE('',#4362,#926);
#488=LINE('',#4364,#927);
#489=LINE('',#4365,#928);
#490=LINE('',#4368,#929);
#491=LINE('',#4370,#930);
#492=LINE('',#4371,#931);
#493=LINE('',#4374,#932);
#494=LINE('',#4375,#933);
#495=LINE('',#4378,#934);
#496=LINE('',#4380,#935);
#497=LINE('',#4381,#936);
#498=LINE('',#4384,#937);
#499=LINE('',#4385,#938);
#500=LINE('',#4388,#939);
#501=LINE('',#4390,#940);
#502=LINE('',#4392,#941);
#503=LINE('',#4393,#942);
#504=LINE('',#4396,#943);
#505=LINE('',#4398,#944);
#506=LINE('',#4399,#945);
#507=LINE('',#4402,#946);
#508=LINE('',#4404,#947);
#509=LINE('',#4405,#948);
#510=LINE('',#4408,#949);
#511=LINE('',#4410,#950);
#512=LINE('',#4412,#951);
#513=LINE('',#4413,#952);
#514=LINE('',#4415,#953);
#515=LINE('',#4416,#954);
#516=LINE('',#4420,#955);
#517=LINE('',#4422,#956);
#518=LINE('',#4424,#957);
#519=LINE('',#4425,#958);
#520=LINE('',#4428,#959);
#521=LINE('',#4430,#960);
#522=LINE('',#4432,#961);
#523=LINE('',#4434,#962);
#524=LINE('',#4435,#963);
#525=LINE('',#4439,#964);
#526=LINE('',#4440,#965);
#527=LINE('',#4441,#966);
#528=LINE('',#4444,#967);
#529=LINE('',#4446,#968);
#530=LINE('',#4447,#969);
#531=LINE('',#4450,#970);
#532=LINE('',#4451,#971);
#533=LINE('',#4452,#972);
#534=LINE('',#4455,#973);
#535=LINE('',#4456,#974);
#536=LINE('',#4458,#975);
#537=LINE('',#4462,#976);
#538=LINE('',#4464,#977);
#539=LINE('',#4466,#978);
#540=LINE('',#4467,#979);
#541=LINE('',#4469,#980);
#542=LINE('',#4471,#981);
#543=LINE('',#4472,#982);
#544=LINE('',#4474,#983);
#545=LINE('',#4476,#984);
#546=LINE('',#4478,#985);
#547=LINE('',#4479,#986);
#548=LINE('',#4482,#987);
#549=LINE('',#4483,#988);
#550=LINE('',#4485,#989);
#551=LINE('',#4489,#990);
#552=LINE('',#4491,#991);
#553=LINE('',#4493,#992);
#554=LINE('',#4494,#993);
#555=LINE('',#4497,#994);
#556=LINE('',#4499,#995);
#557=LINE('',#4501,#996);
#558=LINE('',#4503,#997);
#559=LINE('',#4504,#998);
#560=LINE('',#4506,#999);
#561=LINE('',#4510,#1000);
#562=LINE('',#4511,#1001);
#563=LINE('',#4512,#1002);
#564=LINE('',#4515,#1003);
#565=LINE('',#4517,#1004);
#566=LINE('',#4518,#1005);
#567=LINE('',#4521,#1006);
#568=LINE('',#4523,#1007);
#569=LINE('',#4525,#1008);
#570=LINE('',#4526,#1009);
#571=LINE('',#4530,#1010);
#572=LINE('',#4532,#1011);
#573=LINE('',#4534,#1012);
#574=LINE('',#4535,#1013);
#575=LINE('',#4538,#1014);
#576=LINE('',#4540,#1015);
#577=LINE('',#4541,#1016);
#578=LINE('',#4542,#1017);
#579=LINE('',#4546,#1018);
#580=LINE('',#4548,#1019);
#581=LINE('',#4550,#1020);
#582=LINE('',#4551,#1021);
#583=LINE('',#4554,#1022);
#584=LINE('',#4555,#1023);
#585=LINE('',#4557,#1024);
#586=LINE('',#4559,#1025);
#587=LINE('',#4561,#1026);
#588=LINE('',#4562,#1027);
#589=LINE('',#4563,#1028);
#590=LINE('',#4565,#1029);
#591=LINE('',#4568,#1030);
#592=LINE('',#4569,#1031);
#593=LINE('',#4573,#1032);
#594=LINE('',#4574,#1033);
#595=LINE('',#4575,#1034);
#596=LINE('',#4578,#1035);
#597=LINE('',#4580,#1036);
#598=LINE('',#4581,#1037);
#599=LINE('',#4584,#1038);
#600=LINE('',#4586,#1039);
#601=LINE('',#4588,#1040);
#602=LINE('',#4589,#1041);
#603=LINE('',#4591,#1042);
#604=LINE('',#4595,#1043);
#605=LINE('',#4597,#1044);
#606=LINE('',#4599,#1045);
#607=LINE('',#4600,#1046);
#608=LINE('',#4603,#1047);
#609=LINE('',#4605,#1048);
#610=LINE('',#4607,#1049);
#611=LINE('',#4609,#1050);
#612=LINE('',#4610,#1051);
#613=LINE('',#4613,#1052);
#614=LINE('',#4614,#1053);
#615=LINE('',#4615,#1054);
#616=LINE('',#4619,#1055);
#617=LINE('',#4621,#1056);
#618=LINE('',#4623,#1057);
#619=LINE('',#4624,#1058);
#620=LINE('',#4626,#1059);
#621=LINE('',#4628,#1060);
#622=LINE('',#4630,#1061);
#623=LINE('',#4632,#1062);
#624=LINE('',#4634,#1063);
#625=LINE('',#4635,#1064);
#626=LINE('',#4638,#1065);
#627=LINE('',#4640,#1066);
#628=LINE('',#4641,#1067);
#629=LINE('',#4644,#1068);
#630=LINE('',#4645,#1069);
#631=LINE('',#4647,#1070);
#632=LINE('',#4649,#1071);
#633=LINE('',#4651,#1072);
#634=LINE('',#4652,#1073);
#635=LINE('',#4655,#1074);
#636=LINE('',#4656,#1075);
#637=LINE('',#4659,#1076);
#638=LINE('',#4660,#1077);
#639=LINE('',#4663,#1078);
#640=LINE('',#4664,#1079);
#641=LINE('',#4665,#1080);
#642=LINE('',#4667,#1081);
#643=LINE('',#4670,#1082);
#644=LINE('',#4672,#1083);
#645=LINE('',#4673,#1084);
#646=LINE('',#4676,#1085);
#647=LINE('',#4678,#1086);
#648=LINE('',#4679,#1087);
#649=LINE('',#4681,#1088);
#650=LINE('',#4682,#1089);
#651=LINE('',#4684,#1090);
#652=LINE('',#4685,#1091);
#653=LINE('',#4690,#1092);
#654=LINE('',#4691,#1093);
#655=LINE('',#4692,#1094);
#656=LINE('',#4694,#1095);
#657=LINE('',#4697,#1096);
#658=LINE('',#4699,#1097);
#659=LINE('',#4700,#1098);
#660=LINE('',#4703,#1099);
#661=LINE('',#4704,#1100);
#662=LINE('',#4705,#1101);
#663=LINE('',#4708,#1102);
#664=LINE('',#4709,#1103);
#665=LINE('',#4711,#1104);
#666=LINE('',#4714,#1105);
#667=LINE('',#4715,#1106);
#668=LINE('',#4717,#1107);
#669=LINE('',#4718,#1108);
#670=LINE('',#4721,#1109);
#671=LINE('',#4723,#1110);
#672=LINE('',#4724,#1111);
#673=LINE('',#4726,#1112);
#674=LINE('',#4728,#1113);
#675=LINE('',#4732,#1114);
#676=LINE('',#4737,#1115);
#677=LINE('',#4738,#1116);
#678=LINE('',#4739,#1117);
#679=LINE('',#4742,#1118);
#680=LINE('',#4743,#1119);
#681=LINE('',#4744,#1120);
#682=LINE('',#4747,#1121);
#683=LINE('',#4748,#1122);
#684=LINE('',#4750,#1123);
#685=LINE('',#4753,#1124);
#686=LINE('',#4754,#1125);
#687=LINE('',#4757,#1126);
#688=LINE('',#4758,#1127);
#689=LINE('',#4761,#1128);
#690=LINE('',#4762,#1129);
#691=LINE('',#4764,#1130);
#692=LINE('',#4768,#1131);
#693=LINE('',#4769,#1132);
#694=LINE('',#4770,#1133);
#695=LINE('',#4773,#1134);
#696=LINE('',#4774,#1135);
#697=LINE('',#4775,#1136);
#698=LINE('',#4779,#1137);
#699=LINE('',#4780,#1138);
#700=LINE('',#4783,#1139);
#701=LINE('',#4784,#1140);
#702=LINE('',#4788,#1141);
#703=LINE('',#4789,#1142);
#704=LINE('',#4792,#1143);
#705=LINE('',#4793,#1144);
#706=LINE('',#4795,#1145);
#707=LINE('',#4797,#1146);
#708=LINE('',#4799,#1147);
#709=LINE('',#4800,#1148);
#710=LINE('',#4802,#1149);
#711=LINE('',#4803,#1150);
#712=LINE('',#4805,#1151);
#713=LINE('',#4809,#1152);
#714=LINE('',#4810,#1153);
#715=LINE('',#4813,#1154);
#716=LINE('',#4814,#1155);
#717=LINE('',#4816,#1156);
#718=LINE('',#4817,#1157);
#719=LINE('',#4820,#1158);
#720=LINE('',#4822,#1159);
#721=LINE('',#4824,#1160);
#722=LINE('',#4828,#1161);
#723=LINE('',#4829,#1162);
#724=LINE('',#4831,#1163);
#725=LINE('',#4834,#1164);
#726=LINE('',#4836,#1165);
#727=LINE('',#4838,#1166);
#728=LINE('',#4841,#1167);
#729=LINE('',#4843,#1168);
#730=LINE('',#4848,#1169);
#731=LINE('',#4850,#1170);
#732=LINE('',#4852,#1171);
#733=LINE('',#4853,#1172);
#734=LINE('',#4856,#1173);
#735=LINE('',#4858,#1174);
#736=LINE('',#4860,#1175);
#737=LINE('',#4862,#1176);
#738=LINE('',#4863,#1177);
#739=LINE('',#4866,#1178);
#740=LINE('',#4867,#1179);
#741=LINE('',#4870,#1180);
#742=LINE('',#4871,#1181);
#743=LINE('',#4874,#1182);
#744=LINE('',#4875,#1183);
#745=LINE('',#4878,#1184);
#746=LINE('',#4879,#1185);
#747=LINE('',#4881,#1186);
#748=LINE('',#4886,#1187);
#749=LINE('',#4888,#1188);
#750=LINE('',#4890,#1189);
#751=LINE('',#4891,#1190);
#752=LINE('',#4895,#1191);
#753=LINE('',#4896,#1192);
#754=LINE('',#4897,#1193);
#755=LINE('',#4901,#1194);
#756=LINE('',#4902,#1195);
#757=LINE('',#4903,#1196);
#758=LINE('',#4905,#1197);
#759=LINE('',#4907,#1198);
#760=LINE('',#4912,#1199);
#761=LINE('',#4914,#1200);
#762=LINE('',#4916,#1201);
#763=LINE('',#4917,#1202);
#764=LINE('',#4921,#1203);
#765=LINE('',#4922,#1204);
#766=LINE('',#4923,#1205);
#767=LINE('',#4926,#1206);
#768=LINE('',#4927,#1207);
#769=LINE('',#4930,#1208);
#770=LINE('',#4931,#1209);
#771=LINE('',#4933,#1210);
#772=VECTOR('',#3298,10.);
#773=VECTOR('',#3299,10.);
#774=VECTOR('',#3300,10.);
#775=VECTOR('',#3301,10.);
#776=VECTOR('',#3304,10.);
#777=VECTOR('',#3305,10.);
#778=VECTOR('',#3306,10.);
#779=VECTOR('',#3309,10.);
#780=VECTOR('',#3310,10.);
#781=VECTOR('',#3311,10.);
#782=VECTOR('',#3312,10.);
#783=VECTOR('',#3313,10.);
#784=VECTOR('',#3314,10.);
#785=VECTOR('',#3315,10.);
#786=VECTOR('',#3316,10.);
#787=VECTOR('',#3317,10.);
#788=VECTOR('',#3318,10.);
#789=VECTOR('',#3319,10.);
#790=VECTOR('',#3320,10.);
#791=VECTOR('',#3321,10.);
#792=VECTOR('',#3322,10.);
#793=VECTOR('',#3323,10.);
#794=VECTOR('',#3326,10.);
#795=VECTOR('',#3327,10.);
#796=VECTOR('',#3328,10.);
#797=VECTOR('',#3329,10.);
#798=VECTOR('',#3330,10.);
#799=VECTOR('',#3331,10.);
#800=VECTOR('',#3332,10.);
#801=VECTOR('',#3333,10.);
#802=VECTOR('',#3336,10.);
#803=VECTOR('',#3337,10.);
#804=VECTOR('',#3338,10.);
#805=VECTOR('',#3339,10.);
#806=VECTOR('',#3342,10.);
#807=VECTOR('',#3343,10.);
#808=VECTOR('',#3344,10.);
#809=VECTOR('',#3347,10.);
#810=VECTOR('',#3348,10.);
#811=VECTOR('',#3349,10.);
#812=VECTOR('',#3352,10.);
#813=VECTOR('',#3353,10.);
#814=VECTOR('',#3354,10.);
#815=VECTOR('',#3357,10.);
#816=VECTOR('',#3358,10.);
#817=VECTOR('',#3359,10.);
#818=VECTOR('',#3360,10.);
#819=VECTOR('',#3361,10.);
#820=VECTOR('',#3362,10.);
#821=VECTOR('',#3363,10.);
#822=VECTOR('',#3366,10.);
#823=VECTOR('',#3367,10.);
#824=VECTOR('',#3368,10.);
#825=VECTOR('',#3371,10.);
#826=VECTOR('',#3372,10.);
#827=VECTOR('',#3373,10.);
#828=VECTOR('',#3376,10.);
#829=VECTOR('',#3377,10.);
#830=VECTOR('',#3378,10.);
#831=VECTOR('',#3379,10.);
#832=VECTOR('',#3380,10.);
#833=VECTOR('',#3381,10.);
#834=VECTOR('',#3382,10.);
#835=VECTOR('',#3383,10.);
#836=VECTOR('',#3384,10.);
#837=VECTOR('',#3387,10.);
#838=VECTOR('',#3388,10.);
#839=VECTOR('',#3389,10.);
#840=VECTOR('',#3390,10.);
#841=VECTOR('',#3391,10.);
#842=VECTOR('',#3392,10.);
#843=VECTOR('',#3395,10.);
#844=VECTOR('',#3396,10.);
#845=VECTOR('',#3397,10.);
#846=VECTOR('',#3398,10.);
#847=VECTOR('',#3399,10.);
#848=VECTOR('',#3402,10.);
#849=VECTOR('',#3403,10.);
#850=VECTOR('',#3404,10.);
#851=VECTOR('',#3405,10.);
#852=VECTOR('',#3406,10.);
#853=VECTOR('',#3407,10.);
#854=VECTOR('',#3410,10.);
#855=VECTOR('',#3411,10.);
#856=VECTOR('',#3412,10.);
#857=VECTOR('',#3413,10.);
#858=VECTOR('',#3414,10.);
#859=VECTOR('',#3417,10.);
#860=VECTOR('',#3418,10.);
#861=VECTOR('',#3419,10.);
#862=VECTOR('',#3420,10.);
#863=VECTOR('',#3421,10.);
#864=VECTOR('',#3422,10.);
#865=VECTOR('',#3423,10.);
#866=VECTOR('',#3426,10.);
#867=VECTOR('',#3427,10.);
#868=VECTOR('',#3430,10.);
#869=VECTOR('',#3431,10.);
#870=VECTOR('',#3432,10.);
#871=VECTOR('',#3433,10.);
#872=VECTOR('',#3436,10.);
#873=VECTOR('',#3437,10.);
#874=VECTOR('',#3438,10.);
#875=VECTOR('',#3439,10.);
#876=VECTOR('',#3440,10.);
#877=VECTOR('',#3443,10.);
#878=VECTOR('',#3444,10.);
#879=VECTOR('',#3445,10.);
#880=VECTOR('',#3446,10.);
#881=VECTOR('',#3447,10.);
#882=VECTOR('',#3448,10.);
#883=VECTOR('',#3449,10.);
#884=VECTOR('',#3452,10.);
#885=VECTOR('',#3453,10.);
#886=VECTOR('',#3454,10.);
#887=VECTOR('',#3455,10.);
#888=VECTOR('',#3458,10.);
#889=VECTOR('',#3459,10.);
#890=VECTOR('',#3460,10.);
#891=VECTOR('',#3461,10.);
#892=VECTOR('',#3462,10.);
#893=VECTOR('',#3463,10.);
#894=VECTOR('',#3466,10.);
#895=VECTOR('',#3467,10.);
#896=VECTOR('',#3468,10.);
#897=VECTOR('',#3469,10.);
#898=VECTOR('',#3470,10.);
#899=VECTOR('',#3473,10.);
#900=VECTOR('',#3474,10.);
#901=VECTOR('',#3475,10.);
#902=VECTOR('',#3476,10.);
#903=VECTOR('',#3479,10.);
#904=VECTOR('',#3480,10.);
#905=VECTOR('',#3481,10.);
#906=VECTOR('',#3482,10.);
#907=VECTOR('',#3485,10.);
#908=VECTOR('',#3486,10.);
#909=VECTOR('',#3487,10.);
#910=VECTOR('',#3488,10.);
#911=VECTOR('',#3489,10.);
#912=VECTOR('',#3490,10.);
#913=VECTOR('',#3491,10.);
#914=VECTOR('',#3494,10.);
#915=VECTOR('',#3495,10.);
#916=VECTOR('',#3496,10.);
#917=VECTOR('',#3499,10.);
#918=VECTOR('',#3500,10.);
#919=VECTOR('',#3503,10.);
#920=VECTOR('',#3504,10.);
#921=VECTOR('',#3505,10.);
#922=VECTOR('',#3506,10.);
#923=VECTOR('',#3507,10.);
#924=VECTOR('',#3510,10.);
#925=VECTOR('',#3511,10.);
#926=VECTOR('',#3512,10.);
#927=VECTOR('',#3513,10.);
#928=VECTOR('',#3514,10.);
#929=VECTOR('',#3517,10.);
#930=VECTOR('',#3518,10.);
#931=VECTOR('',#3519,10.);
#932=VECTOR('',#3522,10.);
#933=VECTOR('',#3523,10.);
#934=VECTOR('',#3526,10.);
#935=VECTOR('',#3527,10.);
#936=VECTOR('',#3528,10.);
#937=VECTOR('',#3531,10.);
#938=VECTOR('',#3532,10.);
#939=VECTOR('',#3535,10.);
#940=VECTOR('',#3536,10.);
#941=VECTOR('',#3537,10.);
#942=VECTOR('',#3538,10.);
#943=VECTOR('',#3541,10.);
#944=VECTOR('',#3542,10.);
#945=VECTOR('',#3543,10.);
#946=VECTOR('',#3546,10.);
#947=VECTOR('',#3547,10.);
#948=VECTOR('',#3548,10.);
#949=VECTOR('',#3551,10.);
#950=VECTOR('',#3552,10.);
#951=VECTOR('',#3553,10.);
#952=VECTOR('',#3554,10.);
#953=VECTOR('',#3555,10.);
#954=VECTOR('',#3556,10.);
#955=VECTOR('',#3559,10.);
#956=VECTOR('',#3560,10.);
#957=VECTOR('',#3561,10.);
#958=VECTOR('',#3562,10.);
#959=VECTOR('',#3565,10.);
#960=VECTOR('',#3566,10.);
#961=VECTOR('',#3567,10.);
#962=VECTOR('',#3568,10.);
#963=VECTOR('',#3569,10.);
#964=VECTOR('',#3572,10.);
#965=VECTOR('',#3573,10.);
#966=VECTOR('',#3574,10.);
#967=VECTOR('',#3577,10.);
#968=VECTOR('',#3578,10.);
#969=VECTOR('',#3579,10.);
#970=VECTOR('',#3582,10.);
#971=VECTOR('',#3583,10.);
#972=VECTOR('',#3584,10.);
#973=VECTOR('',#3587,10.);
#974=VECTOR('',#3588,10.);
#975=VECTOR('',#3591,10.);
#976=VECTOR('',#3594,10.);
#977=VECTOR('',#3595,10.);
#978=VECTOR('',#3596,10.);
#979=VECTOR('',#3597,10.);
#980=VECTOR('',#3600,10.);
#981=VECTOR('',#3601,10.);
#982=VECTOR('',#3602,10.);
#983=VECTOR('',#3603,10.);
#984=VECTOR('',#3604,10.);
#985=VECTOR('',#3605,10.);
#986=VECTOR('',#3606,10.);
#987=VECTOR('',#3609,10.);
#988=VECTOR('',#3610,10.);
#989=VECTOR('',#3613,10.);
#990=VECTOR('',#3616,10.);
#991=VECTOR('',#3617,10.);
#992=VECTOR('',#3618,10.);
#993=VECTOR('',#3619,10.);
#994=VECTOR('',#3622,10.);
#995=VECTOR('',#3623,10.);
#996=VECTOR('',#3624,10.);
#997=VECTOR('',#3625,10.);
#998=VECTOR('',#3626,10.);
#999=VECTOR('',#3629,10.);
#1000=VECTOR('',#3632,10.);
#1001=VECTOR('',#3633,10.);
#1002=VECTOR('',#3634,10.);
#1003=VECTOR('',#3637,10.);
#1004=VECTOR('',#3638,10.);
#1005=VECTOR('',#3639,10.);
#1006=VECTOR('',#3642,10.);
#1007=VECTOR('',#3643,10.);
#1008=VECTOR('',#3644,10.);
#1009=VECTOR('',#3645,10.);
#1010=VECTOR('',#3648,10.);
#1011=VECTOR('',#3649,10.);
#1012=VECTOR('',#3650,10.);
#1013=VECTOR('',#3651,10.);
#1014=VECTOR('',#3654,10.);
#1015=VECTOR('',#3655,10.);
#1016=VECTOR('',#3656,10.);
#1017=VECTOR('',#3657,10.);
#1018=VECTOR('',#3660,10.);
#1019=VECTOR('',#3661,10.);
#1020=VECTOR('',#3662,10.);
#1021=VECTOR('',#3663,10.);
#1022=VECTOR('',#3666,10.);
#1023=VECTOR('',#3667,10.);
#1024=VECTOR('',#3668,10.);
#1025=VECTOR('',#3669,10.);
#1026=VECTOR('',#3670,10.);
#1027=VECTOR('',#3671,10.);
#1028=VECTOR('',#3672,10.);
#1029=VECTOR('',#3675,10.);
#1030=VECTOR('',#3678,10.);
#1031=VECTOR('',#3679,10.);
#1032=VECTOR('',#3682,10.);
#1033=VECTOR('',#3683,10.);
#1034=VECTOR('',#3684,10.);
#1035=VECTOR('',#3687,10.);
#1036=VECTOR('',#3688,10.);
#1037=VECTOR('',#3689,10.);
#1038=VECTOR('',#3692,10.);
#1039=VECTOR('',#3693,10.);
#1040=VECTOR('',#3694,10.);
#1041=VECTOR('',#3695,10.);
#1042=VECTOR('',#3698,10.);
#1043=VECTOR('',#3701,10.);
#1044=VECTOR('',#3702,10.);
#1045=VECTOR('',#3703,10.);
#1046=VECTOR('',#3704,10.);
#1047=VECTOR('',#3707,10.);
#1048=VECTOR('',#3708,10.);
#1049=VECTOR('',#3709,10.);
#1050=VECTOR('',#3710,10.);
#1051=VECTOR('',#3711,10.);
#1052=VECTOR('',#3714,10.);
#1053=VECTOR('',#3715,10.);
#1054=VECTOR('',#3716,10.);
#1055=VECTOR('',#3719,10.);
#1056=VECTOR('',#3720,10.);
#1057=VECTOR('',#3721,10.);
#1058=VECTOR('',#3722,10.);
#1059=VECTOR('',#3725,10.);
#1060=VECTOR('',#3726,10.);
#1061=VECTOR('',#3727,10.);
#1062=VECTOR('',#3728,10.);
#1063=VECTOR('',#3729,10.);
#1064=VECTOR('',#3730,10.);
#1065=VECTOR('',#3733,10.);
#1066=VECTOR('',#3734,10.);
#1067=VECTOR('',#3735,10.);
#1068=VECTOR('',#3738,10.);
#1069=VECTOR('',#3739,10.);
#1070=VECTOR('',#3740,10.);
#1071=VECTOR('',#3741,10.);
#1072=VECTOR('',#3742,10.);
#1073=VECTOR('',#3743,10.);
#1074=VECTOR('',#3746,10.);
#1075=VECTOR('',#3747,10.);
#1076=VECTOR('',#3750,10.);
#1077=VECTOR('',#3751,10.);
#1078=VECTOR('',#3754,10.);
#1079=VECTOR('',#3755,10.);
#1080=VECTOR('',#3756,10.);
#1081=VECTOR('',#3759,10.);
#1082=VECTOR('',#3762,10.);
#1083=VECTOR('',#3763,10.);
#1084=VECTOR('',#3764,10.);
#1085=VECTOR('',#3767,10.);
#1086=VECTOR('',#3768,10.);
#1087=VECTOR('',#3769,10.);
#1088=VECTOR('',#3772,10.);
#1089=VECTOR('',#3773,10.);
#1090=VECTOR('',#3774,10.);
#1091=VECTOR('',#3775,10.);
#1092=VECTOR('',#3782,10.);
#1093=VECTOR('',#3783,10.);
#1094=VECTOR('',#3784,10.);
#1095=VECTOR('',#3787,10.);
#1096=VECTOR('',#3792,10.);
#1097=VECTOR('',#3793,10.);
#1098=VECTOR('',#3794,10.);
#1099=VECTOR('',#3797,10.);
#1100=VECTOR('',#3798,10.);
#1101=VECTOR('',#3799,10.);
#1102=VECTOR('',#3802,10.);
#1103=VECTOR('',#3803,10.);
#1104=VECTOR('',#3806,10.);
#1105=VECTOR('',#3809,10.);
#1106=VECTOR('',#3810,10.);
#1107=VECTOR('',#3811,10.);
#1108=VECTOR('',#3812,10.);
#1109=VECTOR('',#3815,10.);
#1110=VECTOR('',#3816,10.);
#1111=VECTOR('',#3817,10.);
#1112=VECTOR('',#3820,10.);
#1113=VECTOR('',#3823,10.);
#1114=VECTOR('',#3830,10.);
#1115=VECTOR('',#3835,10.);
#1116=VECTOR('',#3836,10.);
#1117=VECTOR('',#3837,10.);
#1118=VECTOR('',#3840,10.);
#1119=VECTOR('',#3841,10.);
#1120=VECTOR('',#3842,10.);
#1121=VECTOR('',#3847,10.);
#1122=VECTOR('',#3848,10.);
#1123=VECTOR('',#3851,10.);
#1124=VECTOR('',#3854,10.);
#1125=VECTOR('',#3855,10.);
#1126=VECTOR('',#3858,10.);
#1127=VECTOR('',#3859,10.);
#1128=VECTOR('',#3862,10.);
#1129=VECTOR('',#3863,10.);
#1130=VECTOR('',#3866,10.);
#1131=VECTOR('',#3871,10.);
#1132=VECTOR('',#3872,10.);
#1133=VECTOR('',#3873,10.);
#1134=VECTOR('',#3876,10.);
#1135=VECTOR('',#3877,10.);
#1136=VECTOR('',#3878,10.);
#1137=VECTOR('',#3883,10.);
#1138=VECTOR('',#3884,10.);
#1139=VECTOR('',#3889,10.);
#1140=VECTOR('',#3890,10.);
#1141=VECTOR('',#3895,10.);
#1142=VECTOR('',#3896,10.);
#1143=VECTOR('',#3899,10.);
#1144=VECTOR('',#3900,10.);
#1145=VECTOR('',#3901,10.);
#1146=VECTOR('',#3902,10.);
#1147=VECTOR('',#3903,10.);
#1148=VECTOR('',#3904,10.);
#1149=VECTOR('',#3907,10.);
#1150=VECTOR('',#3908,10.);
#1151=VECTOR('',#3911,10.);
#1152=VECTOR('',#3916,10.);
#1153=VECTOR('',#3917,10.);
#1154=VECTOR('',#3920,10.);
#1155=VECTOR('',#3921,10.);
#1156=VECTOR('',#3924,10.);
#1157=VECTOR('',#3925,10.);
#1158=VECTOR('',#3930,10.);
#1159=VECTOR('',#3933,10.);
#1160=VECTOR('',#3936,10.);
#1161=VECTOR('',#3941,10.);
#1162=VECTOR('',#3942,10.);
#1163=VECTOR('',#3945,10.);
#1164=VECTOR('',#3950,10.);
#1165=VECTOR('',#3953,10.);
#1166=VECTOR('',#3956,10.);
#1167=VECTOR('',#3961,10.);
#1168=VECTOR('',#3964,10.);
#1169=VECTOR('',#3969,10.);
#1170=VECTOR('',#3970,10.);
#1171=VECTOR('',#3971,10.);
#1172=VECTOR('',#3972,10.);
#1173=VECTOR('',#3975,10.);
#1174=VECTOR('',#3976,10.);
#1175=VECTOR('',#3977,10.);
#1176=VECTOR('',#3978,10.);
#1177=VECTOR('',#3979,10.);
#1178=VECTOR('',#3982,10.);
#1179=VECTOR('',#3983,10.);
#1180=VECTOR('',#3986,10.);
#1181=VECTOR('',#3987,10.);
#1182=VECTOR('',#3990,10.);
#1183=VECTOR('',#3991,10.);
#1184=VECTOR('',#3994,10.);
#1185=VECTOR('',#3995,10.);
#1186=VECTOR('',#3998,10.);
#1187=VECTOR('',#4003,10.);
#1188=VECTOR('',#4004,10.);
#1189=VECTOR('',#4005,10.);
#1190=VECTOR('',#4006,10.);
#1191=VECTOR('',#4009,10.);
#1192=VECTOR('',#4010,10.);
#1193=VECTOR('',#4011,10.);
#1194=VECTOR('',#4014,10.);
#1195=VECTOR('',#4015,10.);
#1196=VECTOR('',#4016,10.);
#1197=VECTOR('',#4019,10.);
#1198=VECTOR('',#4022,10.);
#1199=VECTOR('',#4027,10.);
#1200=VECTOR('',#4028,10.);
#1201=VECTOR('',#4029,10.);
#1202=VECTOR('',#4030,10.);
#1203=VECTOR('',#4033,10.);
#1204=VECTOR('',#4034,10.);
#1205=VECTOR('',#4035,10.);
#1206=VECTOR('',#4038,10.);
#1207=VECTOR('',#4039,10.);
#1208=VECTOR('',#4042,10.);
#1209=VECTOR('',#4043,10.);
#1210=VECTOR('',#4046,10.);
#1211=VERTEX_POINT('',#4051);
#1212=VERTEX_POINT('',#4052);
#1213=VERTEX_POINT('',#4054);
#1214=VERTEX_POINT('',#4056);
#1215=VERTEX_POINT('',#4060);
#1216=VERTEX_POINT('',#4062);
#1217=VERTEX_POINT('',#4066);
#1218=VERTEX_POINT('',#4067);
#1219=VERTEX_POINT('',#4069);
#1220=VERTEX_POINT('',#4071);
#1221=VERTEX_POINT('',#4074);
#1222=VERTEX_POINT('',#4076);
#1223=VERTEX_POINT('',#4078);
#1224=VERTEX_POINT('',#4080);
#1225=VERTEX_POINT('',#4082);
#1226=VERTEX_POINT('',#4084);
#1227=VERTEX_POINT('',#4086);
#1228=VERTEX_POINT('',#4088);
#1229=VERTEX_POINT('',#4090);
#1230=VERTEX_POINT('',#4092);
#1231=VERTEX_POINT('',#4096);
#1232=VERTEX_POINT('',#4097);
#1233=VERTEX_POINT('',#4099);
#1234=VERTEX_POINT('',#4101);
#1235=VERTEX_POINT('',#4103);
#1236=VERTEX_POINT('',#4105);
#1237=VERTEX_POINT('',#4107);
#1238=VERTEX_POINT('',#4112);
#1239=VERTEX_POINT('',#4114);
#1240=VERTEX_POINT('',#4119);
#1241=VERTEX_POINT('',#4121);
#1242=VERTEX_POINT('',#4125);
#1243=VERTEX_POINT('',#4127);
#1244=VERTEX_POINT('',#4131);
#1245=VERTEX_POINT('',#4133);
#1246=VERTEX_POINT('',#4137);
#1247=VERTEX_POINT('',#4139);
#1248=VERTEX_POINT('',#4141);
#1249=VERTEX_POINT('',#4143);
#1250=VERTEX_POINT('',#4145);
#1251=VERTEX_POINT('',#4147);
#1252=VERTEX_POINT('',#4151);
#1253=VERTEX_POINT('',#4153);
#1254=VERTEX_POINT('',#4157);
#1255=VERTEX_POINT('',#4159);
#1256=VERTEX_POINT('',#4163);
#1257=VERTEX_POINT('',#4165);
#1258=VERTEX_POINT('',#4167);
#1259=VERTEX_POINT('',#4169);
#1260=VERTEX_POINT('',#4171);
#1261=VERTEX_POINT('',#4173);
#1262=VERTEX_POINT('',#4175);
#1263=VERTEX_POINT('',#4177);
#1264=VERTEX_POINT('',#4181);
#1265=VERTEX_POINT('',#4182);
#1266=VERTEX_POINT('',#4184);
#1267=VERTEX_POINT('',#4186);
#1268=VERTEX_POINT('',#4188);
#1269=VERTEX_POINT('',#4190);
#1270=VERTEX_POINT('',#4194);
#1271=VERTEX_POINT('',#4196);
#1272=VERTEX_POINT('',#4198);
#1273=VERTEX_POINT('',#4200);
#1274=VERTEX_POINT('',#4204);
#1275=VERTEX_POINT('',#4205);
#1276=VERTEX_POINT('',#4207);
#1277=VERTEX_POINT('',#4209);
#1278=VERTEX_POINT('',#4211);
#1279=VERTEX_POINT('',#4213);
#1280=VERTEX_POINT('',#4217);
#1281=VERTEX_POINT('',#4219);
#1282=VERTEX_POINT('',#4221);
#1283=VERTEX_POINT('',#4223);
#1284=VERTEX_POINT('',#4227);
#1285=VERTEX_POINT('',#4229);
#1286=VERTEX_POINT('',#4231);
#1287=VERTEX_POINT('',#4233);
#1288=VERTEX_POINT('',#4235);
#1289=VERTEX_POINT('',#4237);
#1290=VERTEX_POINT('',#4241);
#1291=VERTEX_POINT('',#4246);
#1292=VERTEX_POINT('',#4248);
#1293=VERTEX_POINT('',#4252);
#1294=VERTEX_POINT('',#4254);
#1295=VERTEX_POINT('',#4256);
#1296=VERTEX_POINT('',#4258);
#1297=VERTEX_POINT('',#4262);
#1298=VERTEX_POINT('',#4264);
#1299=VERTEX_POINT('',#4266);
#1300=VERTEX_POINT('',#4268);
#1301=VERTEX_POINT('',#4270);
#1302=VERTEX_POINT('',#4272);
#1303=VERTEX_POINT('',#4276);
#1304=VERTEX_POINT('',#4278);
#1305=VERTEX_POINT('',#4280);
#1306=VERTEX_POINT('',#4284);
#1307=VERTEX_POINT('',#4285);
#1308=VERTEX_POINT('',#4287);
#1309=VERTEX_POINT('',#4289);
#1310=VERTEX_POINT('',#4291);
#1311=VERTEX_POINT('',#4293);
#1312=VERTEX_POINT('',#4298);
#1313=VERTEX_POINT('',#4300);
#1314=VERTEX_POINT('',#4302);
#1315=VERTEX_POINT('',#4306);
#1316=VERTEX_POINT('',#4308);
#1317=VERTEX_POINT('',#4310);
#1318=VERTEX_POINT('',#4314);
#1319=VERTEX_POINT('',#4315);
#1320=VERTEX_POINT('',#4317);
#1321=VERTEX_POINT('',#4319);
#1322=VERTEX_POINT('',#4323);
#1323=VERTEX_POINT('',#4325);
#1324=VERTEX_POINT('',#4327);
#1325=VERTEX_POINT('',#4329);
#1326=VERTEX_POINT('',#4331);
#1327=VERTEX_POINT('',#4333);
#1328=VERTEX_POINT('',#4337);
#1329=VERTEX_POINT('',#4339);
#1330=VERTEX_POINT('',#4343);
#1331=VERTEX_POINT('',#4347);
#1332=VERTEX_POINT('',#4349);
#1333=VERTEX_POINT('',#4351);
#1334=VERTEX_POINT('',#4353);
#1335=VERTEX_POINT('',#4357);
#1336=VERTEX_POINT('',#4359);
#1337=VERTEX_POINT('',#4361);
#1338=VERTEX_POINT('',#4363);
#1339=VERTEX_POINT('',#4367);
#1340=VERTEX_POINT('',#4369);
#1341=VERTEX_POINT('',#4373);
#1342=VERTEX_POINT('',#4377);
#1343=VERTEX_POINT('',#4379);
#1344=VERTEX_POINT('',#4383);
#1345=VERTEX_POINT('',#4387);
#1346=VERTEX_POINT('',#4389);
#1347=VERTEX_POINT('',#4391);
#1348=VERTEX_POINT('',#4395);
#1349=VERTEX_POINT('',#4397);
#1350=VERTEX_POINT('',#4401);
#1351=VERTEX_POINT('',#4403);
#1352=VERTEX_POINT('',#4407);
#1353=VERTEX_POINT('',#4409);
#1354=VERTEX_POINT('',#4411);
#1355=VERTEX_POINT('',#4414);
#1356=VERTEX_POINT('',#4418);
#1357=VERTEX_POINT('',#4419);
#1358=VERTEX_POINT('',#4421);
#1359=VERTEX_POINT('',#4423);
#1360=VERTEX_POINT('',#4427);
#1361=VERTEX_POINT('',#4429);
#1362=VERTEX_POINT('',#4431);
#1363=VERTEX_POINT('',#4433);
#1364=VERTEX_POINT('',#4437);
#1365=VERTEX_POINT('',#4438);
#1366=VERTEX_POINT('',#4443);
#1367=VERTEX_POINT('',#4445);
#1368=VERTEX_POINT('',#4449);
#1369=VERTEX_POINT('',#4454);
#1370=VERTEX_POINT('',#4460);
#1371=VERTEX_POINT('',#4461);
#1372=VERTEX_POINT('',#4463);
#1373=VERTEX_POINT('',#4465);
#1374=VERTEX_POINT('',#4470);
#1375=VERTEX_POINT('',#4473);
#1376=VERTEX_POINT('',#4475);
#1377=VERTEX_POINT('',#4477);
#1378=VERTEX_POINT('',#4481);
#1379=VERTEX_POINT('',#4487);
#1380=VERTEX_POINT('',#4488);
#1381=VERTEX_POINT('',#4490);
#1382=VERTEX_POINT('',#4492);
#1383=VERTEX_POINT('',#4496);
#1384=VERTEX_POINT('',#4498);
#1385=VERTEX_POINT('',#4500);
#1386=VERTEX_POINT('',#4502);
#1387=VERTEX_POINT('',#4508);
#1388=VERTEX_POINT('',#4509);
#1389=VERTEX_POINT('',#4514);
#1390=VERTEX_POINT('',#4516);
#1391=VERTEX_POINT('',#4520);
#1392=VERTEX_POINT('',#4522);
#1393=VERTEX_POINT('',#4524);
#1394=VERTEX_POINT('',#4528);
#1395=VERTEX_POINT('',#4529);
#1396=VERTEX_POINT('',#4531);
#1397=VERTEX_POINT('',#4533);
#1398=VERTEX_POINT('',#4537);
#1399=VERTEX_POINT('',#4539);
#1400=VERTEX_POINT('',#4544);
#1401=VERTEX_POINT('',#4545);
#1402=VERTEX_POINT('',#4547);
#1403=VERTEX_POINT('',#4549);
#1404=VERTEX_POINT('',#4553);
#1405=VERTEX_POINT('',#4556);
#1406=VERTEX_POINT('',#4558);
#1407=VERTEX_POINT('',#4560);
#1408=VERTEX_POINT('',#4567);
#1409=VERTEX_POINT('',#4571);
#1410=VERTEX_POINT('',#4572);
#1411=VERTEX_POINT('',#4577);
#1412=VERTEX_POINT('',#4579);
#1413=VERTEX_POINT('',#4583);
#1414=VERTEX_POINT('',#4585);
#1415=VERTEX_POINT('',#4587);
#1416=VERTEX_POINT('',#4593);
#1417=VERTEX_POINT('',#4594);
#1418=VERTEX_POINT('',#4596);
#1419=VERTEX_POINT('',#4598);
#1420=VERTEX_POINT('',#4602);
#1421=VERTEX_POINT('',#4604);
#1422=VERTEX_POINT('',#4606);
#1423=VERTEX_POINT('',#4608);
#1424=VERTEX_POINT('',#4612);
#1425=VERTEX_POINT('',#4617);
#1426=VERTEX_POINT('',#4618);
#1427=VERTEX_POINT('',#4620);
#1428=VERTEX_POINT('',#4622);
#1429=VERTEX_POINT('',#4627);
#1430=VERTEX_POINT('',#4629);
#1431=VERTEX_POINT('',#4631);
#1432=VERTEX_POINT('',#4633);
#1433=VERTEX_POINT('',#4637);
#1434=VERTEX_POINT('',#4639);
#1435=VERTEX_POINT('',#4643);
#1436=VERTEX_POINT('',#4646);
#1437=VERTEX_POINT('',#4648);
#1438=VERTEX_POINT('',#4650);
#1439=VERTEX_POINT('',#4654);
#1440=VERTEX_POINT('',#4658);
#1441=VERTEX_POINT('',#4662);
#1442=VERTEX_POINT('',#4669);
#1443=VERTEX_POINT('',#4671);
#1444=VERTEX_POINT('',#4675);
#1445=VERTEX_POINT('',#4677);
#1446=VERTEX_POINT('',#4683);
#1447=VERTEX_POINT('',#4689);
#1448=VERTEX_POINT('',#4698);
#1449=VERTEX_POINT('',#4702);
#1450=VERTEX_POINT('',#4707);
#1451=VERTEX_POINT('',#4713);
#1452=VERTEX_POINT('',#4716);
#1453=VERTEX_POINT('',#4720);
#1454=VERTEX_POINT('',#4722);
#1455=VERTEX_POINT('',#4735);
#1456=VERTEX_POINT('',#4736);
#1457=VERTEX_POINT('',#4741);
#1458=VERTEX_POINT('',#4752);
#1459=VERTEX_POINT('',#4756);
#1460=VERTEX_POINT('',#4760);
#1461=VERTEX_POINT('',#4767);
#1462=VERTEX_POINT('',#4772);
#1463=VERTEX_POINT('',#4778);
#1464=VERTEX_POINT('',#4787);
#1465=VERTEX_POINT('',#4791);
#1466=VERTEX_POINT('',#4794);
#1467=VERTEX_POINT('',#4796);
#1468=VERTEX_POINT('',#4798);
#1469=VERTEX_POINT('',#4808);
#1470=VERTEX_POINT('',#4812);
#1471=VERTEX_POINT('',#4827);
#1472=VERTEX_POINT('',#4846);
#1473=VERTEX_POINT('',#4847);
#1474=VERTEX_POINT('',#4849);
#1475=VERTEX_POINT('',#4851);
#1476=VERTEX_POINT('',#4855);
#1477=VERTEX_POINT('',#4857);
#1478=VERTEX_POINT('',#4859);
#1479=VERTEX_POINT('',#4861);
#1480=VERTEX_POINT('',#4865);
#1481=VERTEX_POINT('',#4869);
#1482=VERTEX_POINT('',#4873);
#1483=VERTEX_POINT('',#4877);
#1484=VERTEX_POINT('',#4884);
#1485=VERTEX_POINT('',#4885);
#1486=VERTEX_POINT('',#4887);
#1487=VERTEX_POINT('',#4889);
#1488=VERTEX_POINT('',#4893);
#1489=VERTEX_POINT('',#4894);
#1490=VERTEX_POINT('',#4899);
#1491=VERTEX_POINT('',#4900);
#1492=VERTEX_POINT('',#4910);
#1493=VERTEX_POINT('',#4911);
#1494=VERTEX_POINT('',#4913);
#1495=VERTEX_POINT('',#4915);
#1496=VERTEX_POINT('',#4919);
#1497=VERTEX_POINT('',#4920);
#1498=VERTEX_POINT('',#4925);
#1499=VERTEX_POINT('',#4929);
#1500=EDGE_CURVE('',#1211,#1212,#333,.T.);
#1501=EDGE_CURVE('',#1213,#1212,#334,.T.);
#1502=EDGE_CURVE('',#1213,#1214,#335,.T.);
#1503=EDGE_CURVE('',#1211,#1214,#336,.T.);
#1504=EDGE_CURVE('',#1212,#1215,#337,.T.);
#1505=EDGE_CURVE('',#1215,#1216,#338,.T.);
#1506=EDGE_CURVE('',#1213,#1216,#339,.T.);
#1507=EDGE_CURVE('',#1217,#1218,#340,.T.);
#1508=EDGE_CURVE('',#1219,#1217,#341,.T.);
#1509=EDGE_CURVE('',#1220,#1219,#342,.T.);
#1510=EDGE_CURVE('',#1216,#1220,#343,.T.);
#1511=EDGE_CURVE('',#1221,#1215,#344,.T.);
#1512=EDGE_CURVE('',#1222,#1221,#345,.T.);
#1513=EDGE_CURVE('',#1223,#1222,#346,.T.);
#1514=EDGE_CURVE('',#1224,#1223,#347,.T.);
#1515=EDGE_CURVE('',#1225,#1224,#348,.T.);
#1516=EDGE_CURVE('',#1226,#1225,#349,.T.);
#1517=EDGE_CURVE('',#1227,#1226,#350,.T.);
#1518=EDGE_CURVE('',#1228,#1227,#351,.T.);
#1519=EDGE_CURVE('',#1229,#1228,#352,.T.);
#1520=EDGE_CURVE('',#1230,#1229,#353,.T.);
#1521=EDGE_CURVE('',#1218,#1230,#354,.T.);
#1522=EDGE_CURVE('',#1231,#1232,#355,.T.);
#1523=EDGE_CURVE('',#1233,#1231,#356,.T.);
#1524=EDGE_CURVE('',#1234,#1233,#357,.T.);
#1525=EDGE_CURVE('',#1234,#1235,#358,.T.);
#1526=EDGE_CURVE('',#1236,#1235,#359,.T.);
#1527=EDGE_CURVE('',#1237,#1236,#360,.T.);
#1528=EDGE_CURVE('',#1232,#1237,#361,.T.);
#1529=EDGE_CURVE('',#1220,#1214,#362,.T.);
#1530=EDGE_CURVE('',#1217,#1238,#363,.T.);
#1531=EDGE_CURVE('',#1239,#1238,#364,.T.);
#1532=EDGE_CURVE('',#1239,#1221,#365,.T.);
#1533=EDGE_CURVE('',#1219,#1211,#366,.T.);
#1534=EDGE_CURVE('',#1240,#1230,#367,.T.);
#1535=EDGE_CURVE('',#1229,#1241,#368,.T.);
#1536=EDGE_CURVE('',#1240,#1241,#369,.T.);
#1537=EDGE_CURVE('',#1242,#1227,#370,.T.);
#1538=EDGE_CURVE('',#1226,#1243,#371,.T.);
#1539=EDGE_CURVE('',#1242,#1243,#372,.T.);
#1540=EDGE_CURVE('',#1244,#1224,#373,.T.);
#1541=EDGE_CURVE('',#1223,#1245,#374,.T.);
#1542=EDGE_CURVE('',#1244,#1245,#375,.T.);
#1543=EDGE_CURVE('',#1245,#1246,#376,.T.);
#1544=EDGE_CURVE('',#1246,#1247,#377,.T.);
#1545=EDGE_CURVE('',#1247,#1248,#378,.T.);
#1546=EDGE_CURVE('',#1248,#1249,#379,.T.);
#1547=EDGE_CURVE('',#1249,#1250,#380,.T.);
#1548=EDGE_CURVE('',#1250,#1251,#381,.T.);
#1549=EDGE_CURVE('',#1251,#1244,#382,.T.);
#1550=EDGE_CURVE('',#1238,#1252,#383,.T.);
#1551=EDGE_CURVE('',#1252,#1253,#384,.T.);
#1552=EDGE_CURVE('',#1253,#1239,#385,.T.);
#1553=EDGE_CURVE('',#1241,#1254,#386,.T.);
#1554=EDGE_CURVE('',#1254,#1255,#387,.T.);
#1555=EDGE_CURVE('',#1255,#1240,#388,.T.);
#1556=EDGE_CURVE('',#1243,#1256,#389,.T.);
#1557=EDGE_CURVE('',#1256,#1257,#390,.T.);
#1558=EDGE_CURVE('',#1257,#1258,#391,.T.);
#1559=EDGE_CURVE('',#1258,#1259,#392,.T.);
#1560=EDGE_CURVE('',#1259,#1260,#393,.T.);
#1561=EDGE_CURVE('',#1260,#1261,#394,.T.);
#1562=EDGE_CURVE('',#1261,#1262,#395,.T.);
#1563=EDGE_CURVE('',#1262,#1263,#396,.T.);
#1564=EDGE_CURVE('',#1263,#1242,#397,.T.);
#1565=EDGE_CURVE('',#1264,#1265,#398,.T.);
#1566=EDGE_CURVE('',#1266,#1264,#399,.T.);
#1567=EDGE_CURVE('',#1266,#1267,#400,.T.);
#1568=EDGE_CURVE('',#1268,#1267,#401,.T.);
#1569=EDGE_CURVE('',#1269,#1268,#402,.T.);
#1570=EDGE_CURVE('',#1265,#1269,#403,.T.);
#1571=EDGE_CURVE('',#1267,#1270,#404,.T.);
#1572=EDGE_CURVE('',#1270,#1271,#405,.T.);
#1573=EDGE_CURVE('',#1272,#1271,#406,.T.);
#1574=EDGE_CURVE('',#1273,#1272,#407,.T.);
#1575=EDGE_CURVE('',#1268,#1273,#408,.T.);
#1576=EDGE_CURVE('',#1274,#1275,#409,.T.);
#1577=EDGE_CURVE('',#1276,#1274,#410,.T.);
#1578=EDGE_CURVE('',#1276,#1277,#411,.T.);
#1579=EDGE_CURVE('',#1278,#1277,#412,.T.);
#1580=EDGE_CURVE('',#1279,#1278,#413,.T.);
#1581=EDGE_CURVE('',#1275,#1279,#414,.T.);
#1582=EDGE_CURVE('',#1280,#1274,#415,.T.);
#1583=EDGE_CURVE('',#1281,#1280,#416,.T.);
#1584=EDGE_CURVE('',#1282,#1281,#417,.T.);
#1585=EDGE_CURVE('',#1282,#1283,#418,.T.);
#1586=EDGE_CURVE('',#1283,#1276,#419,.T.);
#1587=EDGE_CURVE('',#1284,#1265,#420,.T.);
#1588=EDGE_CURVE('',#1284,#1285,#421,.T.);
#1589=EDGE_CURVE('',#1285,#1286,#422,.T.);
#1590=EDGE_CURVE('',#1286,#1287,#423,.T.);
#1591=EDGE_CURVE('',#1288,#1287,#424,.T.);
#1592=EDGE_CURVE('',#1288,#1289,#425,.T.);
#1593=EDGE_CURVE('',#1289,#1264,#426,.T.);
#1594=EDGE_CURVE('',#1290,#1269,#427,.T.);
#1595=EDGE_CURVE('',#1290,#1284,#428,.T.);
#1596=EDGE_CURVE('',#1273,#1232,#429,.T.);
#1597=EDGE_CURVE('',#1237,#1291,#430,.T.);
#1598=EDGE_CURVE('',#1291,#1292,#431,.T.);
#1599=EDGE_CURVE('',#1292,#1290,#432,.T.);
#1600=EDGE_CURVE('',#1293,#1259,#433,.T.);
#1601=EDGE_CURVE('',#1294,#1293,#434,.T.);
#1602=EDGE_CURVE('',#1295,#1294,#435,.T.);
#1603=EDGE_CURVE('',#1295,#1296,#436,.T.);
#1604=EDGE_CURVE('',#1260,#1296,#437,.T.);
#1605=EDGE_CURVE('',#1297,#1294,#438,.T.);
#1606=EDGE_CURVE('',#1298,#1297,#439,.T.);
#1607=EDGE_CURVE('',#1299,#1298,#440,.T.);
#1608=EDGE_CURVE('',#1300,#1299,#441,.T.);
#1609=EDGE_CURVE('',#1301,#1300,#442,.T.);
#1610=EDGE_CURVE('',#1301,#1302,#443,.T.);
#1611=EDGE_CURVE('',#1302,#1295,#444,.T.);
#1612=EDGE_CURVE('',#1303,#1293,#445,.T.);
#1613=EDGE_CURVE('',#1303,#1304,#446,.T.);
#1614=EDGE_CURVE('',#1305,#1304,#447,.T.);
#1615=EDGE_CURVE('',#1305,#1297,#448,.T.);
#1616=EDGE_CURVE('',#1306,#1307,#449,.T.);
#1617=EDGE_CURVE('',#1308,#1306,#450,.T.);
#1618=EDGE_CURVE('',#1308,#1309,#451,.T.);
#1619=EDGE_CURVE('',#1310,#1309,#452,.T.);
#1620=EDGE_CURVE('',#1311,#1310,#453,.T.);
#1621=EDGE_CURVE('',#1307,#1311,#454,.T.);
#1622=EDGE_CURVE('',#1275,#1311,#455,.T.);
#1623=EDGE_CURVE('',#1310,#1312,#456,.T.);
#1624=EDGE_CURVE('',#1312,#1313,#457,.T.);
#1625=EDGE_CURVE('',#1313,#1314,#458,.T.);
#1626=EDGE_CURVE('',#1314,#1280,#459,.T.);
#1627=EDGE_CURVE('',#1309,#1315,#460,.T.);
#1628=EDGE_CURVE('',#1315,#1316,#461,.T.);
#1629=EDGE_CURVE('',#1317,#1316,#462,.T.);
#1630=EDGE_CURVE('',#1312,#1317,#463,.T.);
#1631=EDGE_CURVE('',#1318,#1319,#464,.T.);
#1632=EDGE_CURVE('',#1320,#1318,#465,.T.);
#1633=EDGE_CURVE('',#1320,#1321,#466,.T.);
#1634=EDGE_CURVE('',#1319,#1321,#467,.T.);
#1635=EDGE_CURVE('',#1318,#1322,#468,.T.);
#1636=EDGE_CURVE('',#1322,#1323,#469,.T.);
#1637=EDGE_CURVE('',#1324,#1323,#470,.T.);
#1638=EDGE_CURVE('',#1325,#1324,#471,.T.);
#1639=EDGE_CURVE('',#1326,#1325,#472,.T.);
#1640=EDGE_CURVE('',#1326,#1327,#473,.T.);
#1641=EDGE_CURVE('',#1327,#1320,#474,.T.);
#1642=EDGE_CURVE('',#1328,#1303,#475,.T.);
#1643=EDGE_CURVE('',#1328,#1329,#476,.T.);
#1644=EDGE_CURVE('',#1304,#1329,#477,.T.);
#1645=EDGE_CURVE('',#1330,#1258,#478,.T.);
#1646=EDGE_CURVE('',#1328,#1330,#479,.T.);
#1647=EDGE_CURVE('',#1331,#1322,#480,.T.);
#1648=EDGE_CURVE('',#1332,#1331,#481,.T.);
#1649=EDGE_CURVE('',#1332,#1333,#482,.T.);
#1650=EDGE_CURVE('',#1334,#1333,#483,.T.);
#1651=EDGE_CURVE('',#1323,#1334,#484,.T.);
#1652=EDGE_CURVE('',#1333,#1335,#485,.T.);
#1653=EDGE_CURVE('',#1335,#1336,#486,.T.);
#1654=EDGE_CURVE('',#1337,#1336,#487,.T.);
#1655=EDGE_CURVE('',#1338,#1337,#488,.T.);
#1656=EDGE_CURVE('',#1334,#1338,#489,.T.);
#1657=EDGE_CURVE('',#1339,#1331,#490,.T.);
#1658=EDGE_CURVE('',#1340,#1339,#491,.T.);
#1659=EDGE_CURVE('',#1332,#1340,#492,.T.);
#1660=EDGE_CURVE('',#1341,#1319,#493,.T.);
#1661=EDGE_CURVE('',#1341,#1339,#494,.T.);
#1662=EDGE_CURVE('',#1342,#1292,#495,.T.);
#1663=EDGE_CURVE('',#1342,#1343,#496,.T.);
#1664=EDGE_CURVE('',#1285,#1343,#497,.T.);
#1665=EDGE_CURVE('',#1344,#1343,#498,.T.);
#1666=EDGE_CURVE('',#1286,#1344,#499,.T.);
#1667=EDGE_CURVE('',#1345,#1291,#500,.T.);
#1668=EDGE_CURVE('',#1346,#1345,#501,.T.);
#1669=EDGE_CURVE('',#1346,#1347,#502,.T.);
#1670=EDGE_CURVE('',#1347,#1342,#503,.T.);
#1671=EDGE_CURVE('',#1348,#1346,#504,.T.);
#1672=EDGE_CURVE('',#1349,#1348,#505,.T.);
#1673=EDGE_CURVE('',#1347,#1349,#506,.T.);
#1674=EDGE_CURVE('',#1350,#1335,#507,.T.);
#1675=EDGE_CURVE('',#1351,#1350,#508,.T.);
#1676=EDGE_CURVE('',#1336,#1351,#509,.T.);
#1677=EDGE_CURVE('',#1345,#1352,#510,.T.);
#1678=EDGE_CURVE('',#1352,#1353,#511,.T.);
#1679=EDGE_CURVE('',#1353,#1354,#512,.T.);
#1680=EDGE_CURVE('',#1354,#1337,#513,.T.);
#1681=EDGE_CURVE('',#1351,#1355,#514,.T.);
#1682=EDGE_CURVE('',#1355,#1348,#515,.T.);
#1683=EDGE_CURVE('',#1356,#1357,#516,.T.);
#1684=EDGE_CURVE('',#1358,#1356,#517,.T.);
#1685=EDGE_CURVE('',#1359,#1358,#518,.T.);
#1686=EDGE_CURVE('',#1357,#1359,#519,.T.);
#1687=EDGE_CURVE('',#1360,#1356,#520,.T.);
#1688=EDGE_CURVE('',#1361,#1357,#521,.T.);
#1689=EDGE_CURVE('',#1362,#1361,#522,.T.);
#1690=EDGE_CURVE('',#1363,#1362,#523,.T.);
#1691=EDGE_CURVE('',#1363,#1360,#524,.T.);
#1692=EDGE_CURVE('',#1364,#1365,#525,.T.);
#1693=EDGE_CURVE('',#1359,#1364,#526,.T.);
#1694=EDGE_CURVE('',#1365,#1358,#527,.T.);
#1695=EDGE_CURVE('',#1364,#1366,#528,.T.);
#1696=EDGE_CURVE('',#1366,#1367,#529,.T.);
#1697=EDGE_CURVE('',#1367,#1361,#530,.T.);
#1698=EDGE_CURVE('',#1365,#1368,#531,.T.);
#1699=EDGE_CURVE('',#1247,#1368,#532,.T.);
#1700=EDGE_CURVE('',#1246,#1366,#533,.T.);
#1701=EDGE_CURVE('',#1349,#1369,#534,.T.);
#1702=EDGE_CURVE('',#1369,#1355,#535,.T.);
#1703=EDGE_CURVE('',#1369,#1350,#536,.T.);
#1704=EDGE_CURVE('',#1370,#1371,#537,.T.);
#1705=EDGE_CURVE('',#1372,#1370,#538,.T.);
#1706=EDGE_CURVE('',#1373,#1372,#539,.T.);
#1707=EDGE_CURVE('',#1371,#1373,#540,.T.);
#1708=EDGE_CURVE('',#1271,#1373,#541,.T.);
#1709=EDGE_CURVE('',#1372,#1374,#542,.T.);
#1710=EDGE_CURVE('',#1374,#1282,#543,.T.);
#1711=EDGE_CURVE('',#1281,#1375,#544,.T.);
#1712=EDGE_CURVE('',#1375,#1376,#545,.T.);
#1713=EDGE_CURVE('',#1376,#1377,#546,.T.);
#1714=EDGE_CURVE('',#1377,#1272,#547,.T.);
#1715=EDGE_CURVE('',#1378,#1370,#548,.T.);
#1716=EDGE_CURVE('',#1374,#1378,#549,.T.);
#1717=EDGE_CURVE('',#1283,#1378,#550,.T.);
#1718=EDGE_CURVE('',#1379,#1380,#551,.T.);
#1719=EDGE_CURVE('',#1381,#1379,#552,.T.);
#1720=EDGE_CURVE('',#1382,#1381,#553,.T.);
#1721=EDGE_CURVE('',#1380,#1382,#554,.T.);
#1722=EDGE_CURVE('',#1383,#1379,#555,.T.);
#1723=EDGE_CURVE('',#1384,#1380,#556,.T.);
#1724=EDGE_CURVE('',#1385,#1384,#557,.T.);
#1725=EDGE_CURVE('',#1386,#1385,#558,.T.);
#1726=EDGE_CURVE('',#1386,#1383,#559,.T.);
#1727=EDGE_CURVE('',#1371,#1270,#560,.T.);
#1728=EDGE_CURVE('',#1387,#1388,#561,.T.);
#1729=EDGE_CURVE('',#1382,#1387,#562,.T.);
#1730=EDGE_CURVE('',#1388,#1381,#563,.T.);
#1731=EDGE_CURVE('',#1387,#1389,#564,.T.);
#1732=EDGE_CURVE('',#1389,#1390,#565,.T.);
#1733=EDGE_CURVE('',#1390,#1384,#566,.T.);
#1734=EDGE_CURVE('',#1388,#1391,#567,.T.);
#1735=EDGE_CURVE('',#1392,#1391,#568,.T.);
#1736=EDGE_CURVE('',#1392,#1393,#569,.T.);
#1737=EDGE_CURVE('',#1393,#1389,#570,.T.);
#1738=EDGE_CURVE('',#1394,#1395,#571,.T.);
#1739=EDGE_CURVE('',#1396,#1394,#572,.T.);
#1740=EDGE_CURVE('',#1397,#1396,#573,.T.);
#1741=EDGE_CURVE('',#1395,#1397,#574,.T.);
#1742=EDGE_CURVE('',#1398,#1394,#575,.T.);
#1743=EDGE_CURVE('',#1399,#1395,#576,.T.);
#1744=EDGE_CURVE('',#1263,#1399,#577,.T.);
#1745=EDGE_CURVE('',#1262,#1398,#578,.T.);
#1746=EDGE_CURVE('',#1400,#1401,#579,.T.);
#1747=EDGE_CURVE('',#1402,#1400,#580,.T.);
#1748=EDGE_CURVE('',#1403,#1402,#581,.T.);
#1749=EDGE_CURVE('',#1401,#1403,#582,.T.);
#1750=EDGE_CURVE('',#1404,#1403,#583,.T.);
#1751=EDGE_CURVE('',#1402,#1301,#584,.T.);
#1752=EDGE_CURVE('',#1300,#1405,#585,.T.);
#1753=EDGE_CURVE('',#1405,#1406,#586,.T.);
#1754=EDGE_CURVE('',#1406,#1407,#587,.T.);
#1755=EDGE_CURVE('',#1407,#1317,#588,.T.);
#1756=EDGE_CURVE('',#1316,#1404,#589,.T.);
#1757=EDGE_CURVE('',#1302,#1400,#590,.T.);
#1758=EDGE_CURVE('',#1408,#1315,#591,.T.);
#1759=EDGE_CURVE('',#1404,#1408,#592,.T.);
#1760=EDGE_CURVE('',#1409,#1410,#593,.T.);
#1761=EDGE_CURVE('',#1397,#1409,#594,.T.);
#1762=EDGE_CURVE('',#1410,#1396,#595,.T.);
#1763=EDGE_CURVE('',#1409,#1411,#596,.T.);
#1764=EDGE_CURVE('',#1411,#1412,#597,.T.);
#1765=EDGE_CURVE('',#1412,#1399,#598,.T.);
#1766=EDGE_CURVE('',#1410,#1413,#599,.T.);
#1767=EDGE_CURVE('',#1414,#1413,#600,.T.);
#1768=EDGE_CURVE('',#1414,#1415,#601,.T.);
#1769=EDGE_CURVE('',#1415,#1411,#602,.T.);
#1770=EDGE_CURVE('',#1401,#1408,#603,.T.);
#1771=EDGE_CURVE('',#1416,#1417,#604,.T.);
#1772=EDGE_CURVE('',#1418,#1416,#605,.T.);
#1773=EDGE_CURVE('',#1419,#1418,#606,.T.);
#1774=EDGE_CURVE('',#1417,#1419,#607,.T.);
#1775=EDGE_CURVE('',#1420,#1418,#608,.T.);
#1776=EDGE_CURVE('',#1416,#1421,#609,.T.);
#1777=EDGE_CURVE('',#1421,#1422,#610,.T.);
#1778=EDGE_CURVE('',#1422,#1423,#611,.T.);
#1779=EDGE_CURVE('',#1423,#1420,#612,.T.);
#1780=EDGE_CURVE('',#1417,#1424,#613,.T.);
#1781=EDGE_CURVE('',#1257,#1424,#614,.T.);
#1782=EDGE_CURVE('',#1256,#1421,#615,.T.);
#1783=EDGE_CURVE('',#1425,#1426,#616,.T.);
#1784=EDGE_CURVE('',#1427,#1425,#617,.T.);
#1785=EDGE_CURVE('',#1428,#1427,#618,.T.);
#1786=EDGE_CURVE('',#1426,#1428,#619,.T.);
#1787=EDGE_CURVE('',#1329,#1425,#620,.T.);
#1788=EDGE_CURVE('',#1429,#1426,#621,.T.);
#1789=EDGE_CURVE('',#1430,#1429,#622,.T.);
#1790=EDGE_CURVE('',#1430,#1431,#623,.T.);
#1791=EDGE_CURVE('',#1431,#1432,#624,.T.);
#1792=EDGE_CURVE('',#1432,#1305,#625,.T.);
#1793=EDGE_CURVE('',#1433,#1427,#626,.T.);
#1794=EDGE_CURVE('',#1434,#1433,#627,.T.);
#1795=EDGE_CURVE('',#1428,#1434,#628,.T.);
#1796=EDGE_CURVE('',#1434,#1435,#629,.T.);
#1797=EDGE_CURVE('',#1435,#1326,#630,.T.);
#1798=EDGE_CURVE('',#1325,#1436,#631,.T.);
#1799=EDGE_CURVE('',#1436,#1437,#632,.T.);
#1800=EDGE_CURVE('',#1437,#1438,#633,.T.);
#1801=EDGE_CURVE('',#1438,#1429,#634,.T.);
#1802=EDGE_CURVE('',#1439,#1433,#635,.T.);
#1803=EDGE_CURVE('',#1435,#1439,#636,.T.);
#1804=EDGE_CURVE('',#1440,#1420,#637,.T.);
#1805=EDGE_CURVE('',#1419,#1440,#638,.T.);
#1806=EDGE_CURVE('',#1441,#1440,#639,.T.);
#1807=EDGE_CURVE('',#1251,#1423,#640,.T.);
#1808=EDGE_CURVE('',#1250,#1441,#641,.T.);
#1809=EDGE_CURVE('',#1327,#1439,#642,.T.);
#1810=EDGE_CURVE('',#1442,#1234,#643,.T.);
#1811=EDGE_CURVE('',#1442,#1443,#644,.T.);
#1812=EDGE_CURVE('',#1235,#1443,#645,.T.);
#1813=EDGE_CURVE('',#1444,#1442,#646,.T.);
#1814=EDGE_CURVE('',#1444,#1445,#647,.T.);
#1815=EDGE_CURVE('',#1443,#1445,#648,.T.);
#1816=EDGE_CURVE('',#1233,#1444,#649,.T.);
#1817=EDGE_CURVE('',#1314,#1231,#650,.T.);
#1818=EDGE_CURVE('',#1446,#1313,#651,.T.);
#1819=EDGE_CURVE('',#1445,#1446,#652,.T.);
#1820=EDGE_CURVE('',#1447,#1254,#653,.T.);
#1821=EDGE_CURVE('',#1254,#1415,#654,.T.);
#1822=EDGE_CURVE('',#1414,#1447,#655,.T.);
#1823=EDGE_CURVE('',#1412,#1228,#656,.T.);
#1824=EDGE_CURVE('',#1431,#1299,#657,.T.);
#1825=EDGE_CURVE('',#1448,#1431,#658,.T.);
#1826=EDGE_CURVE('',#1448,#1405,#659,.T.);
#1827=EDGE_CURVE('',#1449,#1446,#660,.T.);
#1828=EDGE_CURVE('',#1449,#1406,#661,.T.);
#1829=EDGE_CURVE('',#1446,#1448,#662,.T.);
#1830=EDGE_CURVE('',#1450,#1449,#663,.T.);
#1831=EDGE_CURVE('',#1450,#1407,#664,.T.);
#1832=EDGE_CURVE('',#1313,#1450,#665,.T.);
#1833=EDGE_CURVE('',#1308,#1451,#666,.T.);
#1834=EDGE_CURVE('',#1413,#1451,#667,.T.);
#1835=EDGE_CURVE('',#1452,#1398,#668,.T.);
#1836=EDGE_CURVE('',#1452,#1296,#669,.T.);
#1837=EDGE_CURVE('',#1447,#1453,#670,.T.);
#1838=EDGE_CURVE('',#1451,#1454,#671,.T.);
#1839=EDGE_CURVE('',#1453,#1454,#672,.T.);
#1840=EDGE_CURVE('',#1454,#1306,#673,.T.);
#1841=EDGE_CURVE('',#1298,#1432,#674,.T.);
#1842=EDGE_CURVE('',#1261,#1452,#675,.T.);
#1843=EDGE_CURVE('',#1455,#1456,#676,.T.);
#1844=EDGE_CURVE('',#1255,#1456,#677,.T.);
#1845=EDGE_CURVE('',#1453,#1455,#678,.T.);
#1846=EDGE_CURVE('',#1278,#1457,#679,.T.);
#1847=EDGE_CURVE('',#1457,#1455,#680,.T.);
#1848=EDGE_CURVE('',#1279,#1307,#681,.T.);
#1849=EDGE_CURVE('',#1390,#1218,#682,.T.);
#1850=EDGE_CURVE('',#1252,#1393,#683,.T.);
#1851=EDGE_CURVE('',#1385,#1255,#684,.T.);
#1852=EDGE_CURVE('',#1458,#1314,#685,.T.);
#1853=EDGE_CURVE('',#1458,#1375,#686,.T.);
#1854=EDGE_CURVE('',#1459,#1458,#687,.T.);
#1855=EDGE_CURVE('',#1459,#1376,#688,.T.);
#1856=EDGE_CURVE('',#1460,#1459,#689,.T.);
#1857=EDGE_CURVE('',#1460,#1377,#690,.T.);
#1858=EDGE_CURVE('',#1232,#1460,#691,.T.);
#1859=EDGE_CURVE('',#1457,#1461,#692,.T.);
#1860=EDGE_CURVE('',#1461,#1383,#693,.T.);
#1861=EDGE_CURVE('',#1456,#1386,#694,.T.);
#1862=EDGE_CURVE('',#1266,#1462,#695,.T.);
#1863=EDGE_CURVE('',#1391,#1462,#696,.T.);
#1864=EDGE_CURVE('',#1461,#1277,#697,.T.);
#1865=EDGE_CURVE('',#1463,#1252,#698,.T.);
#1866=EDGE_CURVE('',#1392,#1463,#699,.T.);
#1867=EDGE_CURVE('',#1463,#1288,#700,.T.);
#1868=EDGE_CURVE('',#1462,#1289,#701,.T.);
#1869=EDGE_CURVE('',#1287,#1464,#702,.T.);
#1870=EDGE_CURVE('',#1253,#1464,#703,.T.);
#1871=EDGE_CURVE('',#1338,#1465,#704,.T.);
#1872=EDGE_CURVE('',#1465,#1236,#705,.T.);
#1873=EDGE_CURVE('',#1430,#1466,#706,.T.);
#1874=EDGE_CURVE('',#1466,#1467,#707,.T.);
#1875=EDGE_CURVE('',#1467,#1468,#708,.T.);
#1876=EDGE_CURVE('',#1468,#1324,#709,.T.);
#1877=EDGE_CURVE('',#1464,#1363,#710,.T.);
#1878=EDGE_CURVE('',#1362,#1253,#711,.T.);
#1879=EDGE_CURVE('',#1367,#1222,#712,.T.);
#1880=EDGE_CURVE('',#1469,#1237,#713,.T.);
#1881=EDGE_CURVE('',#1469,#1352,#714,.T.);
#1882=EDGE_CURVE('',#1470,#1469,#715,.T.);
#1883=EDGE_CURVE('',#1470,#1353,#716,.T.);
#1884=EDGE_CURVE('',#1465,#1354,#717,.T.);
#1885=EDGE_CURVE('',#1236,#1470,#718,.T.);
#1886=EDGE_CURVE('',#1344,#1360,#719,.T.);
#1887=EDGE_CURVE('',#1368,#1340,#720,.T.);
#1888=EDGE_CURVE('',#1248,#1341,#721,.T.);
#1889=EDGE_CURVE('',#1471,#1321,#722,.T.);
#1890=EDGE_CURVE('',#1249,#1471,#723,.T.);
#1891=EDGE_CURVE('',#1225,#1422,#724,.T.);
#1892=EDGE_CURVE('',#1468,#1436,#725,.T.);
#1893=EDGE_CURVE('',#1467,#1437,#726,.T.);
#1894=EDGE_CURVE('',#1466,#1438,#727,.T.);
#1895=EDGE_CURVE('',#1471,#1441,#728,.T.);
#1896=EDGE_CURVE('',#1424,#1330,#729,.T.);
#1897=EDGE_CURVE('',#1472,#1473,#730,.T.);
#1898=EDGE_CURVE('',#1474,#1472,#731,.T.);
#1899=EDGE_CURVE('',#1474,#1475,#732,.T.);
#1900=EDGE_CURVE('',#1473,#1475,#733,.T.);
#1901=EDGE_CURVE('',#1473,#1476,#734,.T.);
#1902=EDGE_CURVE('',#1475,#1477,#735,.T.);
#1903=EDGE_CURVE('',#1478,#1477,#736,.T.);
#1904=EDGE_CURVE('',#1478,#1479,#737,.T.);
#1905=EDGE_CURVE('',#1479,#1476,#738,.T.);
#1906=EDGE_CURVE('',#1477,#1480,#739,.T.);
#1907=EDGE_CURVE('',#1480,#1474,#740,.T.);
#1908=EDGE_CURVE('',#1481,#1480,#741,.T.);
#1909=EDGE_CURVE('',#1478,#1481,#742,.T.);
#1910=EDGE_CURVE('',#1482,#1476,#743,.T.);
#1911=EDGE_CURVE('',#1472,#1482,#744,.T.);
#1912=EDGE_CURVE('',#1483,#1482,#745,.T.);
#1913=EDGE_CURVE('',#1481,#1483,#746,.T.);
#1914=EDGE_CURVE('',#1483,#1479,#747,.T.);
#1915=EDGE_CURVE('',#1484,#1485,#748,.T.);
#1916=EDGE_CURVE('',#1486,#1485,#749,.T.);
#1917=EDGE_CURVE('',#1487,#1486,#750,.T.);
#1918=EDGE_CURVE('',#1487,#1484,#751,.T.);
#1919=EDGE_CURVE('',#1488,#1489,#752,.T.);
#1920=EDGE_CURVE('',#1489,#1487,#753,.T.);
#1921=EDGE_CURVE('',#1488,#1486,#754,.T.);
#1922=EDGE_CURVE('',#1490,#1491,#755,.T.);
#1923=EDGE_CURVE('',#1489,#1491,#756,.T.);
#1924=EDGE_CURVE('',#1488,#1490,#757,.T.);
#1925=EDGE_CURVE('',#1491,#1484,#758,.T.);
#1926=EDGE_CURVE('',#1485,#1490,#759,.T.);
#1927=EDGE_CURVE('',#1492,#1493,#760,.T.);
#1928=EDGE_CURVE('',#1494,#1493,#761,.T.);
#1929=EDGE_CURVE('',#1495,#1494,#762,.T.);
#1930=EDGE_CURVE('',#1495,#1492,#763,.T.);
#1931=EDGE_CURVE('',#1496,#1497,#764,.T.);
#1932=EDGE_CURVE('',#1497,#1492,#765,.T.);
#1933=EDGE_CURVE('',#1496,#1495,#766,.T.);
#1934=EDGE_CURVE('',#1498,#1496,#767,.T.);
#1935=EDGE_CURVE('',#1498,#1494,#768,.T.);
#1936=EDGE_CURVE('',#1497,#1499,#769,.T.);
#1937=EDGE_CURVE('',#1499,#1493,#770,.T.);
#1938=EDGE_CURVE('',#1499,#1498,#771,.T.);
#1939=ORIENTED_EDGE('',*,*,#1500,.T.);
#1940=ORIENTED_EDGE('',*,*,#1501,.F.);
#1941=ORIENTED_EDGE('',*,*,#1502,.T.);
#1942=ORIENTED_EDGE('',*,*,#1503,.F.);
#1943=ORIENTED_EDGE('',*,*,#1501,.T.);
#1944=ORIENTED_EDGE('',*,*,#1504,.T.);
#1945=ORIENTED_EDGE('',*,*,#1505,.T.);
#1946=ORIENTED_EDGE('',*,*,#1506,.F.);
#1947=ORIENTED_EDGE('',*,*,#1507,.F.);
#1948=ORIENTED_EDGE('',*,*,#1508,.F.);
#1949=ORIENTED_EDGE('',*,*,#1509,.F.);
#1950=ORIENTED_EDGE('',*,*,#1510,.F.);
#1951=ORIENTED_EDGE('',*,*,#1505,.F.);
#1952=ORIENTED_EDGE('',*,*,#1511,.F.);
#1953=ORIENTED_EDGE('',*,*,#1512,.F.);
#1954=ORIENTED_EDGE('',*,*,#1513,.F.);
#1955=ORIENTED_EDGE('',*,*,#1514,.F.);
#1956=ORIENTED_EDGE('',*,*,#1515,.F.);
#1957=ORIENTED_EDGE('',*,*,#1516,.F.);
#1958=ORIENTED_EDGE('',*,*,#1517,.F.);
#1959=ORIENTED_EDGE('',*,*,#1518,.F.);
#1960=ORIENTED_EDGE('',*,*,#1519,.F.);
#1961=ORIENTED_EDGE('',*,*,#1520,.F.);
#1962=ORIENTED_EDGE('',*,*,#1521,.F.);
#1963=ORIENTED_EDGE('',*,*,#1522,.F.);
#1964=ORIENTED_EDGE('',*,*,#1523,.F.);
#1965=ORIENTED_EDGE('',*,*,#1524,.F.);
#1966=ORIENTED_EDGE('',*,*,#1525,.T.);
#1967=ORIENTED_EDGE('',*,*,#1526,.F.);
#1968=ORIENTED_EDGE('',*,*,#1527,.F.);
#1969=ORIENTED_EDGE('',*,*,#1528,.F.);
#1970=ORIENTED_EDGE('',*,*,#1506,.T.);
#1971=ORIENTED_EDGE('',*,*,#1510,.T.);
#1972=ORIENTED_EDGE('',*,*,#1529,.T.);
#1973=ORIENTED_EDGE('',*,*,#1502,.F.);
#1974=ORIENTED_EDGE('',*,*,#1530,.T.);
#1975=ORIENTED_EDGE('',*,*,#1531,.F.);
#1976=ORIENTED_EDGE('',*,*,#1532,.T.);
#1977=ORIENTED_EDGE('',*,*,#1511,.T.);
#1978=ORIENTED_EDGE('',*,*,#1504,.F.);
#1979=ORIENTED_EDGE('',*,*,#1500,.F.);
#1980=ORIENTED_EDGE('',*,*,#1533,.F.);
#1981=ORIENTED_EDGE('',*,*,#1508,.T.);
#1982=ORIENTED_EDGE('',*,*,#1534,.T.);
#1983=ORIENTED_EDGE('',*,*,#1520,.T.);
#1984=ORIENTED_EDGE('',*,*,#1535,.T.);
#1985=ORIENTED_EDGE('',*,*,#1536,.F.);
#1986=ORIENTED_EDGE('',*,*,#1537,.T.);
#1987=ORIENTED_EDGE('',*,*,#1517,.T.);
#1988=ORIENTED_EDGE('',*,*,#1538,.T.);
#1989=ORIENTED_EDGE('',*,*,#1539,.F.);
#1990=ORIENTED_EDGE('',*,*,#1540,.T.);
#1991=ORIENTED_EDGE('',*,*,#1514,.T.);
#1992=ORIENTED_EDGE('',*,*,#1541,.T.);
#1993=ORIENTED_EDGE('',*,*,#1542,.F.);
#1994=ORIENTED_EDGE('',*,*,#1542,.T.);
#1995=ORIENTED_EDGE('',*,*,#1543,.T.);
#1996=ORIENTED_EDGE('',*,*,#1544,.T.);
#1997=ORIENTED_EDGE('',*,*,#1545,.T.);
#1998=ORIENTED_EDGE('',*,*,#1546,.T.);
#1999=ORIENTED_EDGE('',*,*,#1547,.T.);
#2000=ORIENTED_EDGE('',*,*,#1548,.T.);
#2001=ORIENTED_EDGE('',*,*,#1549,.T.);
#2002=ORIENTED_EDGE('',*,*,#1531,.T.);
#2003=ORIENTED_EDGE('',*,*,#1550,.T.);
#2004=ORIENTED_EDGE('',*,*,#1551,.T.);
#2005=ORIENTED_EDGE('',*,*,#1552,.T.);
#2006=ORIENTED_EDGE('',*,*,#1536,.T.);
#2007=ORIENTED_EDGE('',*,*,#1553,.T.);
#2008=ORIENTED_EDGE('',*,*,#1554,.T.);
#2009=ORIENTED_EDGE('',*,*,#1555,.T.);
#2010=ORIENTED_EDGE('',*,*,#1539,.T.);
#2011=ORIENTED_EDGE('',*,*,#1556,.T.);
#2012=ORIENTED_EDGE('',*,*,#1557,.T.);
#2013=ORIENTED_EDGE('',*,*,#1558,.T.);
#2014=ORIENTED_EDGE('',*,*,#1559,.T.);
#2015=ORIENTED_EDGE('',*,*,#1560,.T.);
#2016=ORIENTED_EDGE('',*,*,#1561,.T.);
#2017=ORIENTED_EDGE('',*,*,#1562,.T.);
#2018=ORIENTED_EDGE('',*,*,#1563,.T.);
#2019=ORIENTED_EDGE('',*,*,#1564,.T.);
#2020=ORIENTED_EDGE('',*,*,#1565,.F.);
#2021=ORIENTED_EDGE('',*,*,#1566,.F.);
#2022=ORIENTED_EDGE('',*,*,#1567,.T.);
#2023=ORIENTED_EDGE('',*,*,#1568,.F.);
#2024=ORIENTED_EDGE('',*,*,#1569,.F.);
#2025=ORIENTED_EDGE('',*,*,#1570,.F.);
#2026=ORIENTED_EDGE('',*,*,#1568,.T.);
#2027=ORIENTED_EDGE('',*,*,#1571,.T.);
#2028=ORIENTED_EDGE('',*,*,#1572,.T.);
#2029=ORIENTED_EDGE('',*,*,#1573,.F.);
#2030=ORIENTED_EDGE('',*,*,#1574,.F.);
#2031=ORIENTED_EDGE('',*,*,#1575,.F.);
#2032=ORIENTED_EDGE('',*,*,#1576,.F.);
#2033=ORIENTED_EDGE('',*,*,#1577,.F.);
#2034=ORIENTED_EDGE('',*,*,#1578,.T.);
#2035=ORIENTED_EDGE('',*,*,#1579,.F.);
#2036=ORIENTED_EDGE('',*,*,#1580,.F.);
#2037=ORIENTED_EDGE('',*,*,#1581,.F.);
#2038=ORIENTED_EDGE('',*,*,#1577,.T.);
#2039=ORIENTED_EDGE('',*,*,#1582,.F.);
#2040=ORIENTED_EDGE('',*,*,#1583,.F.);
#2041=ORIENTED_EDGE('',*,*,#1584,.F.);
#2042=ORIENTED_EDGE('',*,*,#1585,.T.);
#2043=ORIENTED_EDGE('',*,*,#1586,.T.);
#2044=ORIENTED_EDGE('',*,*,#1565,.T.);
#2045=ORIENTED_EDGE('',*,*,#1587,.F.);
#2046=ORIENTED_EDGE('',*,*,#1588,.T.);
#2047=ORIENTED_EDGE('',*,*,#1589,.T.);
#2048=ORIENTED_EDGE('',*,*,#1590,.T.);
#2049=ORIENTED_EDGE('',*,*,#1591,.F.);
#2050=ORIENTED_EDGE('',*,*,#1592,.T.);
#2051=ORIENTED_EDGE('',*,*,#1593,.T.);
#2052=ORIENTED_EDGE('',*,*,#1570,.T.);
#2053=ORIENTED_EDGE('',*,*,#1594,.F.);
#2054=ORIENTED_EDGE('',*,*,#1595,.T.);
#2055=ORIENTED_EDGE('',*,*,#1587,.T.);
#2056=ORIENTED_EDGE('',*,*,#1569,.T.);
#2057=ORIENTED_EDGE('',*,*,#1575,.T.);
#2058=ORIENTED_EDGE('',*,*,#1596,.T.);
#2059=ORIENTED_EDGE('',*,*,#1528,.T.);
#2060=ORIENTED_EDGE('',*,*,#1597,.T.);
#2061=ORIENTED_EDGE('',*,*,#1598,.T.);
#2062=ORIENTED_EDGE('',*,*,#1599,.T.);
#2063=ORIENTED_EDGE('',*,*,#1594,.T.);
#2064=ORIENTED_EDGE('',*,*,#1560,.F.);
#2065=ORIENTED_EDGE('',*,*,#1600,.F.);
#2066=ORIENTED_EDGE('',*,*,#1601,.F.);
#2067=ORIENTED_EDGE('',*,*,#1602,.F.);
#2068=ORIENTED_EDGE('',*,*,#1603,.T.);
#2069=ORIENTED_EDGE('',*,*,#1604,.F.);
#2070=ORIENTED_EDGE('',*,*,#1602,.T.);
#2071=ORIENTED_EDGE('',*,*,#1605,.F.);
#2072=ORIENTED_EDGE('',*,*,#1606,.F.);
#2073=ORIENTED_EDGE('',*,*,#1607,.F.);
#2074=ORIENTED_EDGE('',*,*,#1608,.F.);
#2075=ORIENTED_EDGE('',*,*,#1609,.F.);
#2076=ORIENTED_EDGE('',*,*,#1610,.T.);
#2077=ORIENTED_EDGE('',*,*,#1611,.T.);
#2078=ORIENTED_EDGE('',*,*,#1601,.T.);
#2079=ORIENTED_EDGE('',*,*,#1612,.F.);
#2080=ORIENTED_EDGE('',*,*,#1613,.T.);
#2081=ORIENTED_EDGE('',*,*,#1614,.F.);
#2082=ORIENTED_EDGE('',*,*,#1615,.T.);
#2083=ORIENTED_EDGE('',*,*,#1605,.T.);
#2084=ORIENTED_EDGE('',*,*,#1616,.F.);
#2085=ORIENTED_EDGE('',*,*,#1617,.F.);
#2086=ORIENTED_EDGE('',*,*,#1618,.T.);
#2087=ORIENTED_EDGE('',*,*,#1619,.F.);
#2088=ORIENTED_EDGE('',*,*,#1620,.F.);
#2089=ORIENTED_EDGE('',*,*,#1621,.F.);
#2090=ORIENTED_EDGE('',*,*,#1576,.T.);
#2091=ORIENTED_EDGE('',*,*,#1622,.T.);
#2092=ORIENTED_EDGE('',*,*,#1620,.T.);
#2093=ORIENTED_EDGE('',*,*,#1623,.T.);
#2094=ORIENTED_EDGE('',*,*,#1624,.T.);
#2095=ORIENTED_EDGE('',*,*,#1625,.T.);
#2096=ORIENTED_EDGE('',*,*,#1626,.T.);
#2097=ORIENTED_EDGE('',*,*,#1582,.T.);
#2098=ORIENTED_EDGE('',*,*,#1619,.T.);
#2099=ORIENTED_EDGE('',*,*,#1627,.T.);
#2100=ORIENTED_EDGE('',*,*,#1628,.T.);
#2101=ORIENTED_EDGE('',*,*,#1629,.F.);
#2102=ORIENTED_EDGE('',*,*,#1630,.F.);
#2103=ORIENTED_EDGE('',*,*,#1623,.F.);
#2104=ORIENTED_EDGE('',*,*,#1631,.F.);
#2105=ORIENTED_EDGE('',*,*,#1632,.F.);
#2106=ORIENTED_EDGE('',*,*,#1633,.T.);
#2107=ORIENTED_EDGE('',*,*,#1634,.F.);
#2108=ORIENTED_EDGE('',*,*,#1632,.T.);
#2109=ORIENTED_EDGE('',*,*,#1635,.T.);
#2110=ORIENTED_EDGE('',*,*,#1636,.T.);
#2111=ORIENTED_EDGE('',*,*,#1637,.F.);
#2112=ORIENTED_EDGE('',*,*,#1638,.F.);
#2113=ORIENTED_EDGE('',*,*,#1639,.F.);
#2114=ORIENTED_EDGE('',*,*,#1640,.T.);
#2115=ORIENTED_EDGE('',*,*,#1641,.T.);
#2116=ORIENTED_EDGE('',*,*,#1613,.F.);
#2117=ORIENTED_EDGE('',*,*,#1642,.F.);
#2118=ORIENTED_EDGE('',*,*,#1643,.T.);
#2119=ORIENTED_EDGE('',*,*,#1644,.F.);
#2120=ORIENTED_EDGE('',*,*,#1600,.T.);
#2121=ORIENTED_EDGE('',*,*,#1559,.F.);
#2122=ORIENTED_EDGE('',*,*,#1645,.F.);
#2123=ORIENTED_EDGE('',*,*,#1646,.F.);
#2124=ORIENTED_EDGE('',*,*,#1642,.T.);
#2125=ORIENTED_EDGE('',*,*,#1612,.T.);
#2126=ORIENTED_EDGE('',*,*,#1647,.F.);
#2127=ORIENTED_EDGE('',*,*,#1648,.F.);
#2128=ORIENTED_EDGE('',*,*,#1649,.T.);
#2129=ORIENTED_EDGE('',*,*,#1650,.F.);
#2130=ORIENTED_EDGE('',*,*,#1651,.F.);
#2131=ORIENTED_EDGE('',*,*,#1636,.F.);
#2132=ORIENTED_EDGE('',*,*,#1650,.T.);
#2133=ORIENTED_EDGE('',*,*,#1652,.T.);
#2134=ORIENTED_EDGE('',*,*,#1653,.T.);
#2135=ORIENTED_EDGE('',*,*,#1654,.F.);
#2136=ORIENTED_EDGE('',*,*,#1655,.F.);
#2137=ORIENTED_EDGE('',*,*,#1656,.F.);
#2138=ORIENTED_EDGE('',*,*,#1648,.T.);
#2139=ORIENTED_EDGE('',*,*,#1657,.F.);
#2140=ORIENTED_EDGE('',*,*,#1658,.F.);
#2141=ORIENTED_EDGE('',*,*,#1659,.F.);
#2142=ORIENTED_EDGE('',*,*,#1631,.T.);
#2143=ORIENTED_EDGE('',*,*,#1660,.F.);
#2144=ORIENTED_EDGE('',*,*,#1661,.T.);
#2145=ORIENTED_EDGE('',*,*,#1657,.T.);
#2146=ORIENTED_EDGE('',*,*,#1647,.T.);
#2147=ORIENTED_EDGE('',*,*,#1635,.F.);
#2148=ORIENTED_EDGE('',*,*,#1599,.F.);
#2149=ORIENTED_EDGE('',*,*,#1662,.F.);
#2150=ORIENTED_EDGE('',*,*,#1663,.T.);
#2151=ORIENTED_EDGE('',*,*,#1664,.F.);
#2152=ORIENTED_EDGE('',*,*,#1588,.F.);
#2153=ORIENTED_EDGE('',*,*,#1595,.F.);
#2154=ORIENTED_EDGE('',*,*,#1664,.T.);
#2155=ORIENTED_EDGE('',*,*,#1665,.F.);
#2156=ORIENTED_EDGE('',*,*,#1666,.F.);
#2157=ORIENTED_EDGE('',*,*,#1589,.F.);
#2158=ORIENTED_EDGE('',*,*,#1662,.T.);
#2159=ORIENTED_EDGE('',*,*,#1598,.F.);
#2160=ORIENTED_EDGE('',*,*,#1667,.F.);
#2161=ORIENTED_EDGE('',*,*,#1668,.F.);
#2162=ORIENTED_EDGE('',*,*,#1669,.T.);
#2163=ORIENTED_EDGE('',*,*,#1670,.T.);
#2164=ORIENTED_EDGE('',*,*,#1669,.F.);
#2165=ORIENTED_EDGE('',*,*,#1671,.F.);
#2166=ORIENTED_EDGE('',*,*,#1672,.F.);
#2167=ORIENTED_EDGE('',*,*,#1673,.F.);
#2168=ORIENTED_EDGE('',*,*,#1653,.F.);
#2169=ORIENTED_EDGE('',*,*,#1674,.F.);
#2170=ORIENTED_EDGE('',*,*,#1675,.F.);
#2171=ORIENTED_EDGE('',*,*,#1676,.F.);
#2172=ORIENTED_EDGE('',*,*,#1671,.T.);
#2173=ORIENTED_EDGE('',*,*,#1668,.T.);
#2174=ORIENTED_EDGE('',*,*,#1677,.T.);
#2175=ORIENTED_EDGE('',*,*,#1678,.T.);
#2176=ORIENTED_EDGE('',*,*,#1679,.T.);
#2177=ORIENTED_EDGE('',*,*,#1680,.T.);
#2178=ORIENTED_EDGE('',*,*,#1654,.T.);
#2179=ORIENTED_EDGE('',*,*,#1676,.T.);
#2180=ORIENTED_EDGE('',*,*,#1681,.T.);
#2181=ORIENTED_EDGE('',*,*,#1682,.T.);
#2182=ORIENTED_EDGE('',*,*,#1683,.F.);
#2183=ORIENTED_EDGE('',*,*,#1684,.F.);
#2184=ORIENTED_EDGE('',*,*,#1685,.F.);
#2185=ORIENTED_EDGE('',*,*,#1686,.F.);
#2186=ORIENTED_EDGE('',*,*,#1687,.T.);
#2187=ORIENTED_EDGE('',*,*,#1683,.T.);
#2188=ORIENTED_EDGE('',*,*,#1688,.F.);
#2189=ORIENTED_EDGE('',*,*,#1689,.F.);
#2190=ORIENTED_EDGE('',*,*,#1690,.F.);
#2191=ORIENTED_EDGE('',*,*,#1691,.T.);
#2192=ORIENTED_EDGE('',*,*,#1692,.F.);
#2193=ORIENTED_EDGE('',*,*,#1693,.F.);
#2194=ORIENTED_EDGE('',*,*,#1685,.T.);
#2195=ORIENTED_EDGE('',*,*,#1694,.F.);
#2196=ORIENTED_EDGE('',*,*,#1693,.T.);
#2197=ORIENTED_EDGE('',*,*,#1695,.T.);
#2198=ORIENTED_EDGE('',*,*,#1696,.T.);
#2199=ORIENTED_EDGE('',*,*,#1697,.T.);
#2200=ORIENTED_EDGE('',*,*,#1688,.T.);
#2201=ORIENTED_EDGE('',*,*,#1686,.T.);
#2202=ORIENTED_EDGE('',*,*,#1692,.T.);
#2203=ORIENTED_EDGE('',*,*,#1698,.T.);
#2204=ORIENTED_EDGE('',*,*,#1699,.F.);
#2205=ORIENTED_EDGE('',*,*,#1544,.F.);
#2206=ORIENTED_EDGE('',*,*,#1700,.T.);
#2207=ORIENTED_EDGE('',*,*,#1695,.F.);
#2208=ORIENTED_EDGE('',*,*,#1701,.F.);
#2209=ORIENTED_EDGE('',*,*,#1672,.T.);
#2210=ORIENTED_EDGE('',*,*,#1682,.F.);
#2211=ORIENTED_EDGE('',*,*,#1702,.F.);
#2212=ORIENTED_EDGE('',*,*,#1703,.F.);
#2213=ORIENTED_EDGE('',*,*,#1702,.T.);
#2214=ORIENTED_EDGE('',*,*,#1681,.F.);
#2215=ORIENTED_EDGE('',*,*,#1675,.T.);
#2216=ORIENTED_EDGE('',*,*,#1704,.F.);
#2217=ORIENTED_EDGE('',*,*,#1705,.F.);
#2218=ORIENTED_EDGE('',*,*,#1706,.F.);
#2219=ORIENTED_EDGE('',*,*,#1707,.F.);
#2220=ORIENTED_EDGE('',*,*,#1708,.T.);
#2221=ORIENTED_EDGE('',*,*,#1706,.T.);
#2222=ORIENTED_EDGE('',*,*,#1709,.T.);
#2223=ORIENTED_EDGE('',*,*,#1710,.T.);
#2224=ORIENTED_EDGE('',*,*,#1584,.T.);
#2225=ORIENTED_EDGE('',*,*,#1711,.T.);
#2226=ORIENTED_EDGE('',*,*,#1712,.T.);
#2227=ORIENTED_EDGE('',*,*,#1713,.T.);
#2228=ORIENTED_EDGE('',*,*,#1714,.T.);
#2229=ORIENTED_EDGE('',*,*,#1573,.T.);
#2230=ORIENTED_EDGE('',*,*,#1715,.F.);
#2231=ORIENTED_EDGE('',*,*,#1716,.F.);
#2232=ORIENTED_EDGE('',*,*,#1709,.F.);
#2233=ORIENTED_EDGE('',*,*,#1705,.T.);
#2234=ORIENTED_EDGE('',*,*,#1585,.F.);
#2235=ORIENTED_EDGE('',*,*,#1710,.F.);
#2236=ORIENTED_EDGE('',*,*,#1716,.T.);
#2237=ORIENTED_EDGE('',*,*,#1717,.F.);
#2238=ORIENTED_EDGE('',*,*,#1718,.F.);
#2239=ORIENTED_EDGE('',*,*,#1719,.F.);
#2240=ORIENTED_EDGE('',*,*,#1720,.F.);
#2241=ORIENTED_EDGE('',*,*,#1721,.F.);
#2242=ORIENTED_EDGE('',*,*,#1722,.T.);
#2243=ORIENTED_EDGE('',*,*,#1718,.T.);
#2244=ORIENTED_EDGE('',*,*,#1723,.F.);
#2245=ORIENTED_EDGE('',*,*,#1724,.F.);
#2246=ORIENTED_EDGE('',*,*,#1725,.F.);
#2247=ORIENTED_EDGE('',*,*,#1726,.T.);
#2248=ORIENTED_EDGE('',*,*,#1572,.F.);
#2249=ORIENTED_EDGE('',*,*,#1727,.F.);
#2250=ORIENTED_EDGE('',*,*,#1707,.T.);
#2251=ORIENTED_EDGE('',*,*,#1708,.F.);
#2252=ORIENTED_EDGE('',*,*,#1728,.F.);
#2253=ORIENTED_EDGE('',*,*,#1729,.F.);
#2254=ORIENTED_EDGE('',*,*,#1720,.T.);
#2255=ORIENTED_EDGE('',*,*,#1730,.F.);
#2256=ORIENTED_EDGE('',*,*,#1729,.T.);
#2257=ORIENTED_EDGE('',*,*,#1731,.T.);
#2258=ORIENTED_EDGE('',*,*,#1732,.T.);
#2259=ORIENTED_EDGE('',*,*,#1733,.T.);
#2260=ORIENTED_EDGE('',*,*,#1723,.T.);
#2261=ORIENTED_EDGE('',*,*,#1721,.T.);
#2262=ORIENTED_EDGE('',*,*,#1728,.T.);
#2263=ORIENTED_EDGE('',*,*,#1734,.T.);
#2264=ORIENTED_EDGE('',*,*,#1735,.F.);
#2265=ORIENTED_EDGE('',*,*,#1736,.T.);
#2266=ORIENTED_EDGE('',*,*,#1737,.T.);
#2267=ORIENTED_EDGE('',*,*,#1731,.F.);
#2268=ORIENTED_EDGE('',*,*,#1738,.F.);
#2269=ORIENTED_EDGE('',*,*,#1739,.F.);
#2270=ORIENTED_EDGE('',*,*,#1740,.F.);
#2271=ORIENTED_EDGE('',*,*,#1741,.F.);
#2272=ORIENTED_EDGE('',*,*,#1742,.T.);
#2273=ORIENTED_EDGE('',*,*,#1738,.T.);
#2274=ORIENTED_EDGE('',*,*,#1743,.F.);
#2275=ORIENTED_EDGE('',*,*,#1744,.F.);
#2276=ORIENTED_EDGE('',*,*,#1563,.F.);
#2277=ORIENTED_EDGE('',*,*,#1745,.T.);
#2278=ORIENTED_EDGE('',*,*,#1746,.F.);
#2279=ORIENTED_EDGE('',*,*,#1747,.F.);
#2280=ORIENTED_EDGE('',*,*,#1748,.F.);
#2281=ORIENTED_EDGE('',*,*,#1749,.F.);
#2282=ORIENTED_EDGE('',*,*,#1750,.T.);
#2283=ORIENTED_EDGE('',*,*,#1748,.T.);
#2284=ORIENTED_EDGE('',*,*,#1751,.T.);
#2285=ORIENTED_EDGE('',*,*,#1609,.T.);
#2286=ORIENTED_EDGE('',*,*,#1752,.T.);
#2287=ORIENTED_EDGE('',*,*,#1753,.T.);
#2288=ORIENTED_EDGE('',*,*,#1754,.T.);
#2289=ORIENTED_EDGE('',*,*,#1755,.T.);
#2290=ORIENTED_EDGE('',*,*,#1629,.T.);
#2291=ORIENTED_EDGE('',*,*,#1756,.T.);
#2292=ORIENTED_EDGE('',*,*,#1610,.F.);
#2293=ORIENTED_EDGE('',*,*,#1751,.F.);
#2294=ORIENTED_EDGE('',*,*,#1747,.T.);
#2295=ORIENTED_EDGE('',*,*,#1757,.F.);
#2296=ORIENTED_EDGE('',*,*,#1628,.F.);
#2297=ORIENTED_EDGE('',*,*,#1758,.F.);
#2298=ORIENTED_EDGE('',*,*,#1759,.F.);
#2299=ORIENTED_EDGE('',*,*,#1756,.F.);
#2300=ORIENTED_EDGE('',*,*,#1760,.F.);
#2301=ORIENTED_EDGE('',*,*,#1761,.F.);
#2302=ORIENTED_EDGE('',*,*,#1740,.T.);
#2303=ORIENTED_EDGE('',*,*,#1762,.F.);
#2304=ORIENTED_EDGE('',*,*,#1761,.T.);
#2305=ORIENTED_EDGE('',*,*,#1763,.T.);
#2306=ORIENTED_EDGE('',*,*,#1764,.T.);
#2307=ORIENTED_EDGE('',*,*,#1765,.T.);
#2308=ORIENTED_EDGE('',*,*,#1743,.T.);
#2309=ORIENTED_EDGE('',*,*,#1741,.T.);
#2310=ORIENTED_EDGE('',*,*,#1760,.T.);
#2311=ORIENTED_EDGE('',*,*,#1766,.T.);
#2312=ORIENTED_EDGE('',*,*,#1767,.F.);
#2313=ORIENTED_EDGE('',*,*,#1768,.T.);
#2314=ORIENTED_EDGE('',*,*,#1769,.T.);
#2315=ORIENTED_EDGE('',*,*,#1763,.F.);
#2316=ORIENTED_EDGE('',*,*,#1770,.F.);
#2317=ORIENTED_EDGE('',*,*,#1749,.T.);
#2318=ORIENTED_EDGE('',*,*,#1750,.F.);
#2319=ORIENTED_EDGE('',*,*,#1759,.T.);
#2320=ORIENTED_EDGE('',*,*,#1771,.F.);
#2321=ORIENTED_EDGE('',*,*,#1772,.F.);
#2322=ORIENTED_EDGE('',*,*,#1773,.F.);
#2323=ORIENTED_EDGE('',*,*,#1774,.F.);
#2324=ORIENTED_EDGE('',*,*,#1775,.T.);
#2325=ORIENTED_EDGE('',*,*,#1772,.T.);
#2326=ORIENTED_EDGE('',*,*,#1776,.T.);
#2327=ORIENTED_EDGE('',*,*,#1777,.T.);
#2328=ORIENTED_EDGE('',*,*,#1778,.T.);
#2329=ORIENTED_EDGE('',*,*,#1779,.T.);
#2330=ORIENTED_EDGE('',*,*,#1771,.T.);
#2331=ORIENTED_EDGE('',*,*,#1780,.T.);
#2332=ORIENTED_EDGE('',*,*,#1781,.F.);
#2333=ORIENTED_EDGE('',*,*,#1557,.F.);
#2334=ORIENTED_EDGE('',*,*,#1782,.T.);
#2335=ORIENTED_EDGE('',*,*,#1776,.F.);
#2336=ORIENTED_EDGE('',*,*,#1783,.F.);
#2337=ORIENTED_EDGE('',*,*,#1784,.F.);
#2338=ORIENTED_EDGE('',*,*,#1785,.F.);
#2339=ORIENTED_EDGE('',*,*,#1786,.F.);
#2340=ORIENTED_EDGE('',*,*,#1644,.T.);
#2341=ORIENTED_EDGE('',*,*,#1787,.T.);
#2342=ORIENTED_EDGE('',*,*,#1783,.T.);
#2343=ORIENTED_EDGE('',*,*,#1788,.F.);
#2344=ORIENTED_EDGE('',*,*,#1789,.F.);
#2345=ORIENTED_EDGE('',*,*,#1790,.T.);
#2346=ORIENTED_EDGE('',*,*,#1791,.T.);
#2347=ORIENTED_EDGE('',*,*,#1792,.T.);
#2348=ORIENTED_EDGE('',*,*,#1614,.T.);
#2349=ORIENTED_EDGE('',*,*,#1793,.F.);
#2350=ORIENTED_EDGE('',*,*,#1794,.F.);
#2351=ORIENTED_EDGE('',*,*,#1795,.F.);
#2352=ORIENTED_EDGE('',*,*,#1785,.T.);
#2353=ORIENTED_EDGE('',*,*,#1795,.T.);
#2354=ORIENTED_EDGE('',*,*,#1796,.T.);
#2355=ORIENTED_EDGE('',*,*,#1797,.T.);
#2356=ORIENTED_EDGE('',*,*,#1639,.T.);
#2357=ORIENTED_EDGE('',*,*,#1798,.T.);
#2358=ORIENTED_EDGE('',*,*,#1799,.T.);
#2359=ORIENTED_EDGE('',*,*,#1800,.T.);
#2360=ORIENTED_EDGE('',*,*,#1801,.T.);
#2361=ORIENTED_EDGE('',*,*,#1788,.T.);
#2362=ORIENTED_EDGE('',*,*,#1786,.T.);
#2363=ORIENTED_EDGE('',*,*,#1802,.F.);
#2364=ORIENTED_EDGE('',*,*,#1803,.F.);
#2365=ORIENTED_EDGE('',*,*,#1796,.F.);
#2366=ORIENTED_EDGE('',*,*,#1794,.T.);
#2367=ORIENTED_EDGE('',*,*,#1804,.F.);
#2368=ORIENTED_EDGE('',*,*,#1805,.F.);
#2369=ORIENTED_EDGE('',*,*,#1773,.T.);
#2370=ORIENTED_EDGE('',*,*,#1775,.F.);
#2371=ORIENTED_EDGE('',*,*,#1806,.T.);
#2372=ORIENTED_EDGE('',*,*,#1804,.T.);
#2373=ORIENTED_EDGE('',*,*,#1779,.F.);
#2374=ORIENTED_EDGE('',*,*,#1807,.F.);
#2375=ORIENTED_EDGE('',*,*,#1548,.F.);
#2376=ORIENTED_EDGE('',*,*,#1808,.T.);
#2377=ORIENTED_EDGE('',*,*,#1640,.F.);
#2378=ORIENTED_EDGE('',*,*,#1797,.F.);
#2379=ORIENTED_EDGE('',*,*,#1803,.T.);
#2380=ORIENTED_EDGE('',*,*,#1809,.F.);
#2381=ORIENTED_EDGE('',*,*,#1810,.F.);
#2382=ORIENTED_EDGE('',*,*,#1811,.T.);
#2383=ORIENTED_EDGE('',*,*,#1812,.F.);
#2384=ORIENTED_EDGE('',*,*,#1525,.F.);
#2385=ORIENTED_EDGE('',*,*,#1813,.F.);
#2386=ORIENTED_EDGE('',*,*,#1814,.T.);
#2387=ORIENTED_EDGE('',*,*,#1815,.F.);
#2388=ORIENTED_EDGE('',*,*,#1811,.F.);
#2389=ORIENTED_EDGE('',*,*,#1816,.F.);
#2390=ORIENTED_EDGE('',*,*,#1523,.T.);
#2391=ORIENTED_EDGE('',*,*,#1817,.F.);
#2392=ORIENTED_EDGE('',*,*,#1625,.F.);
#2393=ORIENTED_EDGE('',*,*,#1818,.F.);
#2394=ORIENTED_EDGE('',*,*,#1819,.F.);
#2395=ORIENTED_EDGE('',*,*,#1814,.F.);
#2396=ORIENTED_EDGE('',*,*,#1524,.T.);
#2397=ORIENTED_EDGE('',*,*,#1816,.T.);
#2398=ORIENTED_EDGE('',*,*,#1813,.T.);
#2399=ORIENTED_EDGE('',*,*,#1810,.T.);
#2400=ORIENTED_EDGE('',*,*,#1503,.T.);
#2401=ORIENTED_EDGE('',*,*,#1529,.F.);
#2402=ORIENTED_EDGE('',*,*,#1509,.T.);
#2403=ORIENTED_EDGE('',*,*,#1533,.T.);
#2404=ORIENTED_EDGE('',*,*,#1820,.T.);
#2405=ORIENTED_EDGE('',*,*,#1821,.T.);
#2406=ORIENTED_EDGE('',*,*,#1768,.F.);
#2407=ORIENTED_EDGE('',*,*,#1822,.T.);
#2408=ORIENTED_EDGE('',*,*,#1823,.F.);
#2409=ORIENTED_EDGE('',*,*,#1764,.F.);
#2410=ORIENTED_EDGE('',*,*,#1769,.F.);
#2411=ORIENTED_EDGE('',*,*,#1821,.F.);
#2412=ORIENTED_EDGE('',*,*,#1553,.F.);
#2413=ORIENTED_EDGE('',*,*,#1535,.F.);
#2414=ORIENTED_EDGE('',*,*,#1519,.T.);
#2415=ORIENTED_EDGE('',*,*,#1564,.F.);
#2416=ORIENTED_EDGE('',*,*,#1744,.T.);
#2417=ORIENTED_EDGE('',*,*,#1765,.F.);
#2418=ORIENTED_EDGE('',*,*,#1823,.T.);
#2419=ORIENTED_EDGE('',*,*,#1518,.T.);
#2420=ORIENTED_EDGE('',*,*,#1537,.F.);
#2421=ORIENTED_EDGE('',*,*,#1608,.T.);
#2422=ORIENTED_EDGE('',*,*,#1824,.F.);
#2423=ORIENTED_EDGE('',*,*,#1825,.F.);
#2424=ORIENTED_EDGE('',*,*,#1826,.T.);
#2425=ORIENTED_EDGE('',*,*,#1752,.F.);
#2426=ORIENTED_EDGE('',*,*,#1827,.F.);
#2427=ORIENTED_EDGE('',*,*,#1828,.T.);
#2428=ORIENTED_EDGE('',*,*,#1753,.F.);
#2429=ORIENTED_EDGE('',*,*,#1826,.F.);
#2430=ORIENTED_EDGE('',*,*,#1829,.F.);
#2431=ORIENTED_EDGE('',*,*,#1830,.F.);
#2432=ORIENTED_EDGE('',*,*,#1831,.T.);
#2433=ORIENTED_EDGE('',*,*,#1754,.F.);
#2434=ORIENTED_EDGE('',*,*,#1828,.F.);
#2435=ORIENTED_EDGE('',*,*,#1630,.T.);
#2436=ORIENTED_EDGE('',*,*,#1755,.F.);
#2437=ORIENTED_EDGE('',*,*,#1831,.F.);
#2438=ORIENTED_EDGE('',*,*,#1832,.F.);
#2439=ORIENTED_EDGE('',*,*,#1624,.F.);
#2440=ORIENTED_EDGE('',*,*,#1833,.T.);
#2441=ORIENTED_EDGE('',*,*,#1834,.F.);
#2442=ORIENTED_EDGE('',*,*,#1766,.F.);
#2443=ORIENTED_EDGE('',*,*,#1762,.T.);
#2444=ORIENTED_EDGE('',*,*,#1739,.T.);
#2445=ORIENTED_EDGE('',*,*,#1742,.F.);
#2446=ORIENTED_EDGE('',*,*,#1835,.F.);
#2447=ORIENTED_EDGE('',*,*,#1836,.T.);
#2448=ORIENTED_EDGE('',*,*,#1603,.F.);
#2449=ORIENTED_EDGE('',*,*,#1611,.F.);
#2450=ORIENTED_EDGE('',*,*,#1757,.T.);
#2451=ORIENTED_EDGE('',*,*,#1746,.T.);
#2452=ORIENTED_EDGE('',*,*,#1770,.T.);
#2453=ORIENTED_EDGE('',*,*,#1758,.T.);
#2454=ORIENTED_EDGE('',*,*,#1627,.F.);
#2455=ORIENTED_EDGE('',*,*,#1618,.F.);
#2456=ORIENTED_EDGE('',*,*,#1837,.F.);
#2457=ORIENTED_EDGE('',*,*,#1822,.F.);
#2458=ORIENTED_EDGE('',*,*,#1767,.T.);
#2459=ORIENTED_EDGE('',*,*,#1834,.T.);
#2460=ORIENTED_EDGE('',*,*,#1838,.T.);
#2461=ORIENTED_EDGE('',*,*,#1839,.F.);
#2462=ORIENTED_EDGE('',*,*,#1617,.T.);
#2463=ORIENTED_EDGE('',*,*,#1840,.F.);
#2464=ORIENTED_EDGE('',*,*,#1838,.F.);
#2465=ORIENTED_EDGE('',*,*,#1833,.F.);
#2466=ORIENTED_EDGE('',*,*,#1791,.F.);
#2467=ORIENTED_EDGE('',*,*,#1824,.T.);
#2468=ORIENTED_EDGE('',*,*,#1607,.T.);
#2469=ORIENTED_EDGE('',*,*,#1841,.T.);
#2470=ORIENTED_EDGE('',*,*,#1818,.T.);
#2471=ORIENTED_EDGE('',*,*,#1832,.T.);
#2472=ORIENTED_EDGE('',*,*,#1830,.T.);
#2473=ORIENTED_EDGE('',*,*,#1827,.T.);
#2474=ORIENTED_EDGE('',*,*,#1615,.F.);
#2475=ORIENTED_EDGE('',*,*,#1792,.F.);
#2476=ORIENTED_EDGE('',*,*,#1841,.F.);
#2477=ORIENTED_EDGE('',*,*,#1606,.T.);
#2478=ORIENTED_EDGE('',*,*,#1604,.T.);
#2479=ORIENTED_EDGE('',*,*,#1836,.F.);
#2480=ORIENTED_EDGE('',*,*,#1842,.F.);
#2481=ORIENTED_EDGE('',*,*,#1561,.F.);
#2482=ORIENTED_EDGE('',*,*,#1562,.F.);
#2483=ORIENTED_EDGE('',*,*,#1842,.T.);
#2484=ORIENTED_EDGE('',*,*,#1835,.T.);
#2485=ORIENTED_EDGE('',*,*,#1745,.F.);
#2486=ORIENTED_EDGE('',*,*,#1843,.T.);
#2487=ORIENTED_EDGE('',*,*,#1844,.F.);
#2488=ORIENTED_EDGE('',*,*,#1554,.F.);
#2489=ORIENTED_EDGE('',*,*,#1820,.F.);
#2490=ORIENTED_EDGE('',*,*,#1837,.T.);
#2491=ORIENTED_EDGE('',*,*,#1845,.T.);
#2492=ORIENTED_EDGE('',*,*,#1580,.T.);
#2493=ORIENTED_EDGE('',*,*,#1846,.T.);
#2494=ORIENTED_EDGE('',*,*,#1847,.T.);
#2495=ORIENTED_EDGE('',*,*,#1845,.F.);
#2496=ORIENTED_EDGE('',*,*,#1839,.T.);
#2497=ORIENTED_EDGE('',*,*,#1840,.T.);
#2498=ORIENTED_EDGE('',*,*,#1616,.T.);
#2499=ORIENTED_EDGE('',*,*,#1848,.F.);
#2500=ORIENTED_EDGE('',*,*,#1581,.T.);
#2501=ORIENTED_EDGE('',*,*,#1848,.T.);
#2502=ORIENTED_EDGE('',*,*,#1621,.T.);
#2503=ORIENTED_EDGE('',*,*,#1622,.F.);
#2504=ORIENTED_EDGE('',*,*,#1849,.F.);
#2505=ORIENTED_EDGE('',*,*,#1732,.F.);
#2506=ORIENTED_EDGE('',*,*,#1737,.F.);
#2507=ORIENTED_EDGE('',*,*,#1850,.F.);
#2508=ORIENTED_EDGE('',*,*,#1550,.F.);
#2509=ORIENTED_EDGE('',*,*,#1530,.F.);
#2510=ORIENTED_EDGE('',*,*,#1507,.T.);
#2511=ORIENTED_EDGE('',*,*,#1851,.F.);
#2512=ORIENTED_EDGE('',*,*,#1724,.T.);
#2513=ORIENTED_EDGE('',*,*,#1733,.F.);
#2514=ORIENTED_EDGE('',*,*,#1849,.T.);
#2515=ORIENTED_EDGE('',*,*,#1521,.T.);
#2516=ORIENTED_EDGE('',*,*,#1534,.F.);
#2517=ORIENTED_EDGE('',*,*,#1555,.F.);
#2518=ORIENTED_EDGE('',*,*,#1583,.T.);
#2519=ORIENTED_EDGE('',*,*,#1626,.F.);
#2520=ORIENTED_EDGE('',*,*,#1852,.F.);
#2521=ORIENTED_EDGE('',*,*,#1853,.T.);
#2522=ORIENTED_EDGE('',*,*,#1711,.F.);
#2523=ORIENTED_EDGE('',*,*,#1854,.F.);
#2524=ORIENTED_EDGE('',*,*,#1855,.T.);
#2525=ORIENTED_EDGE('',*,*,#1712,.F.);
#2526=ORIENTED_EDGE('',*,*,#1853,.F.);
#2527=ORIENTED_EDGE('',*,*,#1856,.F.);
#2528=ORIENTED_EDGE('',*,*,#1857,.T.);
#2529=ORIENTED_EDGE('',*,*,#1713,.F.);
#2530=ORIENTED_EDGE('',*,*,#1855,.F.);
#2531=ORIENTED_EDGE('',*,*,#1574,.T.);
#2532=ORIENTED_EDGE('',*,*,#1714,.F.);
#2533=ORIENTED_EDGE('',*,*,#1857,.F.);
#2534=ORIENTED_EDGE('',*,*,#1858,.F.);
#2535=ORIENTED_EDGE('',*,*,#1596,.F.);
#2536=ORIENTED_EDGE('',*,*,#1522,.T.);
#2537=ORIENTED_EDGE('',*,*,#1858,.T.);
#2538=ORIENTED_EDGE('',*,*,#1856,.T.);
#2539=ORIENTED_EDGE('',*,*,#1854,.T.);
#2540=ORIENTED_EDGE('',*,*,#1852,.T.);
#2541=ORIENTED_EDGE('',*,*,#1817,.T.);
#2542=ORIENTED_EDGE('',*,*,#1847,.F.);
#2543=ORIENTED_EDGE('',*,*,#1859,.T.);
#2544=ORIENTED_EDGE('',*,*,#1860,.T.);
#2545=ORIENTED_EDGE('',*,*,#1726,.F.);
#2546=ORIENTED_EDGE('',*,*,#1861,.F.);
#2547=ORIENTED_EDGE('',*,*,#1843,.F.);
#2548=ORIENTED_EDGE('',*,*,#1862,.T.);
#2549=ORIENTED_EDGE('',*,*,#1863,.F.);
#2550=ORIENTED_EDGE('',*,*,#1734,.F.);
#2551=ORIENTED_EDGE('',*,*,#1730,.T.);
#2552=ORIENTED_EDGE('',*,*,#1719,.T.);
#2553=ORIENTED_EDGE('',*,*,#1722,.F.);
#2554=ORIENTED_EDGE('',*,*,#1860,.F.);
#2555=ORIENTED_EDGE('',*,*,#1864,.T.);
#2556=ORIENTED_EDGE('',*,*,#1578,.F.);
#2557=ORIENTED_EDGE('',*,*,#1586,.F.);
#2558=ORIENTED_EDGE('',*,*,#1717,.T.);
#2559=ORIENTED_EDGE('',*,*,#1715,.T.);
#2560=ORIENTED_EDGE('',*,*,#1704,.T.);
#2561=ORIENTED_EDGE('',*,*,#1727,.T.);
#2562=ORIENTED_EDGE('',*,*,#1571,.F.);
#2563=ORIENTED_EDGE('',*,*,#1567,.F.);
#2564=ORIENTED_EDGE('',*,*,#1579,.T.);
#2565=ORIENTED_EDGE('',*,*,#1864,.F.);
#2566=ORIENTED_EDGE('',*,*,#1859,.F.);
#2567=ORIENTED_EDGE('',*,*,#1846,.F.);
#2568=ORIENTED_EDGE('',*,*,#1865,.T.);
#2569=ORIENTED_EDGE('',*,*,#1850,.T.);
#2570=ORIENTED_EDGE('',*,*,#1736,.F.);
#2571=ORIENTED_EDGE('',*,*,#1866,.T.);
#2572=ORIENTED_EDGE('',*,*,#1844,.T.);
#2573=ORIENTED_EDGE('',*,*,#1861,.T.);
#2574=ORIENTED_EDGE('',*,*,#1725,.T.);
#2575=ORIENTED_EDGE('',*,*,#1851,.T.);
#2576=ORIENTED_EDGE('',*,*,#1592,.F.);
#2577=ORIENTED_EDGE('',*,*,#1867,.F.);
#2578=ORIENTED_EDGE('',*,*,#1866,.F.);
#2579=ORIENTED_EDGE('',*,*,#1735,.T.);
#2580=ORIENTED_EDGE('',*,*,#1863,.T.);
#2581=ORIENTED_EDGE('',*,*,#1868,.T.);
#2582=ORIENTED_EDGE('',*,*,#1566,.T.);
#2583=ORIENTED_EDGE('',*,*,#1593,.F.);
#2584=ORIENTED_EDGE('',*,*,#1868,.F.);
#2585=ORIENTED_EDGE('',*,*,#1862,.F.);
#2586=ORIENTED_EDGE('',*,*,#1869,.T.);
#2587=ORIENTED_EDGE('',*,*,#1870,.F.);
#2588=ORIENTED_EDGE('',*,*,#1551,.F.);
#2589=ORIENTED_EDGE('',*,*,#1865,.F.);
#2590=ORIENTED_EDGE('',*,*,#1867,.T.);
#2591=ORIENTED_EDGE('',*,*,#1591,.T.);
#2592=ORIENTED_EDGE('',*,*,#1651,.T.);
#2593=ORIENTED_EDGE('',*,*,#1656,.T.);
#2594=ORIENTED_EDGE('',*,*,#1871,.T.);
#2595=ORIENTED_EDGE('',*,*,#1872,.T.);
#2596=ORIENTED_EDGE('',*,*,#1526,.T.);
#2597=ORIENTED_EDGE('',*,*,#1812,.T.);
#2598=ORIENTED_EDGE('',*,*,#1815,.T.);
#2599=ORIENTED_EDGE('',*,*,#1819,.T.);
#2600=ORIENTED_EDGE('',*,*,#1829,.T.);
#2601=ORIENTED_EDGE('',*,*,#1825,.T.);
#2602=ORIENTED_EDGE('',*,*,#1790,.F.);
#2603=ORIENTED_EDGE('',*,*,#1873,.T.);
#2604=ORIENTED_EDGE('',*,*,#1874,.T.);
#2605=ORIENTED_EDGE('',*,*,#1875,.T.);
#2606=ORIENTED_EDGE('',*,*,#1876,.T.);
#2607=ORIENTED_EDGE('',*,*,#1637,.T.);
#2608=ORIENTED_EDGE('',*,*,#1870,.T.);
#2609=ORIENTED_EDGE('',*,*,#1877,.T.);
#2610=ORIENTED_EDGE('',*,*,#1690,.T.);
#2611=ORIENTED_EDGE('',*,*,#1878,.T.);
#2612=ORIENTED_EDGE('',*,*,#1879,.F.);
#2613=ORIENTED_EDGE('',*,*,#1696,.F.);
#2614=ORIENTED_EDGE('',*,*,#1700,.F.);
#2615=ORIENTED_EDGE('',*,*,#1543,.F.);
#2616=ORIENTED_EDGE('',*,*,#1541,.F.);
#2617=ORIENTED_EDGE('',*,*,#1513,.T.);
#2618=ORIENTED_EDGE('',*,*,#1878,.F.);
#2619=ORIENTED_EDGE('',*,*,#1689,.T.);
#2620=ORIENTED_EDGE('',*,*,#1697,.F.);
#2621=ORIENTED_EDGE('',*,*,#1879,.T.);
#2622=ORIENTED_EDGE('',*,*,#1512,.T.);
#2623=ORIENTED_EDGE('',*,*,#1532,.F.);
#2624=ORIENTED_EDGE('',*,*,#1552,.F.);
#2625=ORIENTED_EDGE('',*,*,#1667,.T.);
#2626=ORIENTED_EDGE('',*,*,#1597,.F.);
#2627=ORIENTED_EDGE('',*,*,#1880,.F.);
#2628=ORIENTED_EDGE('',*,*,#1881,.T.);
#2629=ORIENTED_EDGE('',*,*,#1677,.F.);
#2630=ORIENTED_EDGE('',*,*,#1882,.F.);
#2631=ORIENTED_EDGE('',*,*,#1883,.T.);
#2632=ORIENTED_EDGE('',*,*,#1678,.F.);
#2633=ORIENTED_EDGE('',*,*,#1881,.F.);
#2634=ORIENTED_EDGE('',*,*,#1872,.F.);
#2635=ORIENTED_EDGE('',*,*,#1884,.T.);
#2636=ORIENTED_EDGE('',*,*,#1679,.F.);
#2637=ORIENTED_EDGE('',*,*,#1883,.F.);
#2638=ORIENTED_EDGE('',*,*,#1885,.F.);
#2639=ORIENTED_EDGE('',*,*,#1655,.T.);
#2640=ORIENTED_EDGE('',*,*,#1680,.F.);
#2641=ORIENTED_EDGE('',*,*,#1884,.F.);
#2642=ORIENTED_EDGE('',*,*,#1871,.F.);
#2643=ORIENTED_EDGE('',*,*,#1590,.F.);
#2644=ORIENTED_EDGE('',*,*,#1666,.T.);
#2645=ORIENTED_EDGE('',*,*,#1886,.T.);
#2646=ORIENTED_EDGE('',*,*,#1691,.F.);
#2647=ORIENTED_EDGE('',*,*,#1877,.F.);
#2648=ORIENTED_EDGE('',*,*,#1869,.F.);
#2649=ORIENTED_EDGE('',*,*,#1659,.T.);
#2650=ORIENTED_EDGE('',*,*,#1887,.F.);
#2651=ORIENTED_EDGE('',*,*,#1698,.F.);
#2652=ORIENTED_EDGE('',*,*,#1694,.T.);
#2653=ORIENTED_EDGE('',*,*,#1684,.T.);
#2654=ORIENTED_EDGE('',*,*,#1687,.F.);
#2655=ORIENTED_EDGE('',*,*,#1886,.F.);
#2656=ORIENTED_EDGE('',*,*,#1665,.T.);
#2657=ORIENTED_EDGE('',*,*,#1663,.F.);
#2658=ORIENTED_EDGE('',*,*,#1670,.F.);
#2659=ORIENTED_EDGE('',*,*,#1673,.T.);
#2660=ORIENTED_EDGE('',*,*,#1701,.T.);
#2661=ORIENTED_EDGE('',*,*,#1703,.T.);
#2662=ORIENTED_EDGE('',*,*,#1674,.T.);
#2663=ORIENTED_EDGE('',*,*,#1652,.F.);
#2664=ORIENTED_EDGE('',*,*,#1649,.F.);
#2665=ORIENTED_EDGE('',*,*,#1661,.F.);
#2666=ORIENTED_EDGE('',*,*,#1888,.F.);
#2667=ORIENTED_EDGE('',*,*,#1545,.F.);
#2668=ORIENTED_EDGE('',*,*,#1699,.T.);
#2669=ORIENTED_EDGE('',*,*,#1887,.T.);
#2670=ORIENTED_EDGE('',*,*,#1658,.T.);
#2671=ORIENTED_EDGE('',*,*,#1527,.T.);
#2672=ORIENTED_EDGE('',*,*,#1885,.T.);
#2673=ORIENTED_EDGE('',*,*,#1882,.T.);
#2674=ORIENTED_EDGE('',*,*,#1880,.T.);
#2675=ORIENTED_EDGE('',*,*,#1634,.T.);
#2676=ORIENTED_EDGE('',*,*,#1889,.F.);
#2677=ORIENTED_EDGE('',*,*,#1890,.F.);
#2678=ORIENTED_EDGE('',*,*,#1546,.F.);
#2679=ORIENTED_EDGE('',*,*,#1888,.T.);
#2680=ORIENTED_EDGE('',*,*,#1660,.T.);
#2681=ORIENTED_EDGE('',*,*,#1891,.T.);
#2682=ORIENTED_EDGE('',*,*,#1777,.F.);
#2683=ORIENTED_EDGE('',*,*,#1782,.F.);
#2684=ORIENTED_EDGE('',*,*,#1556,.F.);
#2685=ORIENTED_EDGE('',*,*,#1538,.F.);
#2686=ORIENTED_EDGE('',*,*,#1516,.T.);
#2687=ORIENTED_EDGE('',*,*,#1549,.F.);
#2688=ORIENTED_EDGE('',*,*,#1807,.T.);
#2689=ORIENTED_EDGE('',*,*,#1778,.F.);
#2690=ORIENTED_EDGE('',*,*,#1891,.F.);
#2691=ORIENTED_EDGE('',*,*,#1515,.T.);
#2692=ORIENTED_EDGE('',*,*,#1540,.F.);
#2693=ORIENTED_EDGE('',*,*,#1638,.T.);
#2694=ORIENTED_EDGE('',*,*,#1876,.F.);
#2695=ORIENTED_EDGE('',*,*,#1892,.T.);
#2696=ORIENTED_EDGE('',*,*,#1798,.F.);
#2697=ORIENTED_EDGE('',*,*,#1875,.F.);
#2698=ORIENTED_EDGE('',*,*,#1893,.T.);
#2699=ORIENTED_EDGE('',*,*,#1799,.F.);
#2700=ORIENTED_EDGE('',*,*,#1892,.F.);
#2701=ORIENTED_EDGE('',*,*,#1874,.F.);
#2702=ORIENTED_EDGE('',*,*,#1894,.T.);
#2703=ORIENTED_EDGE('',*,*,#1800,.F.);
#2704=ORIENTED_EDGE('',*,*,#1893,.F.);
#2705=ORIENTED_EDGE('',*,*,#1789,.T.);
#2706=ORIENTED_EDGE('',*,*,#1801,.F.);
#2707=ORIENTED_EDGE('',*,*,#1894,.F.);
#2708=ORIENTED_EDGE('',*,*,#1873,.F.);
#2709=ORIENTED_EDGE('',*,*,#1547,.F.);
#2710=ORIENTED_EDGE('',*,*,#1890,.T.);
#2711=ORIENTED_EDGE('',*,*,#1895,.T.);
#2712=ORIENTED_EDGE('',*,*,#1808,.F.);
#2713=ORIENTED_EDGE('',*,*,#1646,.T.);
#2714=ORIENTED_EDGE('',*,*,#1896,.F.);
#2715=ORIENTED_EDGE('',*,*,#1780,.F.);
#2716=ORIENTED_EDGE('',*,*,#1774,.T.);
#2717=ORIENTED_EDGE('',*,*,#1805,.T.);
#2718=ORIENTED_EDGE('',*,*,#1806,.F.);
#2719=ORIENTED_EDGE('',*,*,#1895,.F.);
#2720=ORIENTED_EDGE('',*,*,#1889,.T.);
#2721=ORIENTED_EDGE('',*,*,#1633,.F.);
#2722=ORIENTED_EDGE('',*,*,#1641,.F.);
#2723=ORIENTED_EDGE('',*,*,#1809,.T.);
#2724=ORIENTED_EDGE('',*,*,#1802,.T.);
#2725=ORIENTED_EDGE('',*,*,#1793,.T.);
#2726=ORIENTED_EDGE('',*,*,#1784,.T.);
#2727=ORIENTED_EDGE('',*,*,#1787,.F.);
#2728=ORIENTED_EDGE('',*,*,#1643,.F.);
#2729=ORIENTED_EDGE('',*,*,#1558,.F.);
#2730=ORIENTED_EDGE('',*,*,#1781,.T.);
#2731=ORIENTED_EDGE('',*,*,#1896,.T.);
#2732=ORIENTED_EDGE('',*,*,#1645,.T.);
#2733=ORIENTED_EDGE('',*,*,#1897,.F.);
#2734=ORIENTED_EDGE('',*,*,#1898,.F.);
#2735=ORIENTED_EDGE('',*,*,#1899,.T.);
#2736=ORIENTED_EDGE('',*,*,#1900,.F.);
#2737=ORIENTED_EDGE('',*,*,#1901,.F.);
#2738=ORIENTED_EDGE('',*,*,#1900,.T.);
#2739=ORIENTED_EDGE('',*,*,#1902,.T.);
#2740=ORIENTED_EDGE('',*,*,#1903,.F.);
#2741=ORIENTED_EDGE('',*,*,#1904,.T.);
#2742=ORIENTED_EDGE('',*,*,#1905,.T.);
#2743=ORIENTED_EDGE('',*,*,#1906,.F.);
#2744=ORIENTED_EDGE('',*,*,#1902,.F.);
#2745=ORIENTED_EDGE('',*,*,#1899,.F.);
#2746=ORIENTED_EDGE('',*,*,#1907,.F.);
#2747=ORIENTED_EDGE('',*,*,#1906,.T.);
#2748=ORIENTED_EDGE('',*,*,#1908,.F.);
#2749=ORIENTED_EDGE('',*,*,#1909,.F.);
#2750=ORIENTED_EDGE('',*,*,#1903,.T.);
#2751=ORIENTED_EDGE('',*,*,#1897,.T.);
#2752=ORIENTED_EDGE('',*,*,#1901,.T.);
#2753=ORIENTED_EDGE('',*,*,#1910,.F.);
#2754=ORIENTED_EDGE('',*,*,#1911,.F.);
#2755=ORIENTED_EDGE('',*,*,#1898,.T.);
#2756=ORIENTED_EDGE('',*,*,#1911,.T.);
#2757=ORIENTED_EDGE('',*,*,#1912,.F.);
#2758=ORIENTED_EDGE('',*,*,#1913,.F.);
#2759=ORIENTED_EDGE('',*,*,#1908,.T.);
#2760=ORIENTED_EDGE('',*,*,#1907,.T.);
#2761=ORIENTED_EDGE('',*,*,#1909,.T.);
#2762=ORIENTED_EDGE('',*,*,#1913,.T.);
#2763=ORIENTED_EDGE('',*,*,#1914,.T.);
#2764=ORIENTED_EDGE('',*,*,#1904,.F.);
#2765=ORIENTED_EDGE('',*,*,#1910,.T.);
#2766=ORIENTED_EDGE('',*,*,#1905,.F.);
#2767=ORIENTED_EDGE('',*,*,#1914,.F.);
#2768=ORIENTED_EDGE('',*,*,#1912,.T.);
#2769=ORIENTED_EDGE('',*,*,#1915,.T.);
#2770=ORIENTED_EDGE('',*,*,#1916,.F.);
#2771=ORIENTED_EDGE('',*,*,#1917,.F.);
#2772=ORIENTED_EDGE('',*,*,#1918,.T.);
#2773=ORIENTED_EDGE('',*,*,#1919,.T.);
#2774=ORIENTED_EDGE('',*,*,#1920,.T.);
#2775=ORIENTED_EDGE('',*,*,#1917,.T.);
#2776=ORIENTED_EDGE('',*,*,#1921,.F.);
#2777=ORIENTED_EDGE('',*,*,#1922,.T.);
#2778=ORIENTED_EDGE('',*,*,#1923,.F.);
#2779=ORIENTED_EDGE('',*,*,#1919,.F.);
#2780=ORIENTED_EDGE('',*,*,#1924,.T.);
#2781=ORIENTED_EDGE('',*,*,#1925,.T.);
#2782=ORIENTED_EDGE('',*,*,#1918,.F.);
#2783=ORIENTED_EDGE('',*,*,#1920,.F.);
#2784=ORIENTED_EDGE('',*,*,#1923,.T.);
#2785=ORIENTED_EDGE('',*,*,#1922,.F.);
#2786=ORIENTED_EDGE('',*,*,#1926,.F.);
#2787=ORIENTED_EDGE('',*,*,#1915,.F.);
#2788=ORIENTED_EDGE('',*,*,#1925,.F.);
#2789=ORIENTED_EDGE('',*,*,#1924,.F.);
#2790=ORIENTED_EDGE('',*,*,#1921,.T.);
#2791=ORIENTED_EDGE('',*,*,#1916,.T.);
#2792=ORIENTED_EDGE('',*,*,#1926,.T.);
#2793=ORIENTED_EDGE('',*,*,#1927,.T.);
#2794=ORIENTED_EDGE('',*,*,#1928,.F.);
#2795=ORIENTED_EDGE('',*,*,#1929,.F.);
#2796=ORIENTED_EDGE('',*,*,#1930,.T.);
#2797=ORIENTED_EDGE('',*,*,#1931,.T.);
#2798=ORIENTED_EDGE('',*,*,#1932,.T.);
#2799=ORIENTED_EDGE('',*,*,#1930,.F.);
#2800=ORIENTED_EDGE('',*,*,#1933,.F.);
#2801=ORIENTED_EDGE('',*,*,#1934,.T.);
#2802=ORIENTED_EDGE('',*,*,#1933,.T.);
#2803=ORIENTED_EDGE('',*,*,#1929,.T.);
#2804=ORIENTED_EDGE('',*,*,#1935,.F.);
#2805=ORIENTED_EDGE('',*,*,#1936,.T.);
#2806=ORIENTED_EDGE('',*,*,#1937,.T.);
#2807=ORIENTED_EDGE('',*,*,#1927,.F.);
#2808=ORIENTED_EDGE('',*,*,#1932,.F.);
#2809=ORIENTED_EDGE('',*,*,#1936,.F.);
#2810=ORIENTED_EDGE('',*,*,#1931,.F.);
#2811=ORIENTED_EDGE('',*,*,#1934,.F.);
#2812=ORIENTED_EDGE('',*,*,#1938,.F.);
#2813=ORIENTED_EDGE('',*,*,#1937,.F.);
#2814=ORIENTED_EDGE('',*,*,#1938,.T.);
#2815=ORIENTED_EDGE('',*,*,#1935,.T.);
#2816=ORIENTED_EDGE('',*,*,#1928,.T.);
#2817=PLANE('',#3137);
#2818=PLANE('',#3138);
#2819=PLANE('',#3139);
#2820=PLANE('',#3140);
#2821=PLANE('',#3141);
#2822=PLANE('',#3142);
#2823=PLANE('',#3143);
#2824=PLANE('',#3144);
#2825=PLANE('',#3145);
#2826=PLANE('',#3146);
#2827=PLANE('',#3147);
#2828=PLANE('',#3148);
#2829=PLANE('',#3149);
#2830=PLANE('',#3150);
#2831=PLANE('',#3151);
#2832=PLANE('',#3152);
#2833=PLANE('',#3153);
#2834=PLANE('',#3154);
#2835=PLANE('',#3155);
#2836=PLANE('',#3156);
#2837=PLANE('',#3157);
#2838=PLANE('',#3158);
#2839=PLANE('',#3159);
#2840=PLANE('',#3160);
#2841=PLANE('',#3161);
#2842=PLANE('',#3162);
#2843=PLANE('',#3163);
#2844=PLANE('',#3164);
#2845=PLANE('',#3165);
#2846=PLANE('',#3166);
#2847=PLANE('',#3167);
#2848=PLANE('',#3168);
#2849=PLANE('',#3169);
#2850=PLANE('',#3170);
#2851=PLANE('',#3171);
#2852=PLANE('',#3172);
#2853=PLANE('',#3173);
#2854=PLANE('',#3174);
#2855=PLANE('',#3175);
#2856=PLANE('',#3176);
#2857=PLANE('',#3177);
#2858=PLANE('',#3178);
#2859=PLANE('',#3179);
#2860=PLANE('',#3180);
#2861=PLANE('',#3181);
#2862=PLANE('',#3182);
#2863=PLANE('',#3183);
#2864=PLANE('',#3184);
#2865=PLANE('',#3185);
#2866=PLANE('',#3186);
#2867=PLANE('',#3187);
#2868=PLANE('',#3188);
#2869=PLANE('',#3189);
#2870=PLANE('',#3190);
#2871=PLANE('',#3191);
#2872=PLANE('',#3192);
#2873=PLANE('',#3193);
#2874=PLANE('',#3194);
#2875=PLANE('',#3195);
#2876=PLANE('',#3196);
#2877=PLANE('',#3197);
#2878=PLANE('',#3198);
#2879=PLANE('',#3199);
#2880=PLANE('',#3200);
#2881=PLANE('',#3201);
#2882=PLANE('',#3202);
#2883=PLANE('',#3203);
#2884=PLANE('',#3204);
#2885=PLANE('',#3205);
#2886=PLANE('',#3206);
#2887=PLANE('',#3207);
#2888=PLANE('',#3208);
#2889=PLANE('',#3209);
#2890=PLANE('',#3210);
#2891=PLANE('',#3211);
#2892=PLANE('',#3212);
#2893=PLANE('',#3213);
#2894=PLANE('',#3214);
#2895=PLANE('',#3215);
#2896=PLANE('',#3216);
#2897=PLANE('',#3217);
#2898=PLANE('',#3218);
#2899=PLANE('',#3219);
#2900=PLANE('',#3220);
#2901=PLANE('',#3221);
#2902=PLANE('',#3222);
#2903=PLANE('',#3223);
#2904=PLANE('',#3224);
#2905=PLANE('',#3225);
#2906=PLANE('',#3226);
#2907=PLANE('',#3227);
#2908=PLANE('',#3228);
#2909=PLANE('',#3229);
#2910=PLANE('',#3230);
#2911=PLANE('',#3231);
#2912=PLANE('',#3232);
#2913=PLANE('',#3233);
#2914=PLANE('',#3234);
#2915=PLANE('',#3235);
#2916=PLANE('',#3236);
#2917=PLANE('',#3237);
#2918=PLANE('',#3238);
#2919=PLANE('',#3239);
#2920=PLANE('',#3240);
#2921=PLANE('',#3241);
#2922=PLANE('',#3242);
#2923=PLANE('',#3243);
#2924=PLANE('',#3244);
#2925=PLANE('',#3245);
#2926=PLANE('',#3246);
#2927=PLANE('',#3247);
#2928=PLANE('',#3248);
#2929=PLANE('',#3249);
#2930=PLANE('',#3250);
#2931=PLANE('',#3251);
#2932=PLANE('',#3252);
#2933=PLANE('',#3253);
#2934=PLANE('',#3254);
#2935=PLANE('',#3255);
#2936=PLANE('',#3256);
#2937=PLANE('',#3257);
#2938=PLANE('',#3258);
#2939=PLANE('',#3259);
#2940=PLANE('',#3260);
#2941=PLANE('',#3261);
#2942=PLANE('',#3262);
#2943=PLANE('',#3263);
#2944=PLANE('',#3264);
#2945=PLANE('',#3265);
#2946=PLANE('',#3266);
#2947=PLANE('',#3267);
#2948=PLANE('',#3268);
#2949=PLANE('',#3269);
#2950=PLANE('',#3270);
#2951=PLANE('',#3271);
#2952=PLANE('',#3272);
#2953=PLANE('',#3273);
#2954=PLANE('',#3274);
#2955=PLANE('',#3275);
#2956=PLANE('',#3276);
#2957=PLANE('',#3277);
#2958=PLANE('',#3278);
#2959=PLANE('',#3279);
#2960=PLANE('',#3280);
#2961=PLANE('',#3281);
#2962=PLANE('',#3282);
#2963=PLANE('',#3283);
#2964=PLANE('',#3284);
#2965=PLANE('',#3285);
#2966=PLANE('',#3286);
#2967=PLANE('',#3287);
#2968=PLANE('',#3288);
#2969=PLANE('',#3289);
#2970=PLANE('',#3290);
#2971=PLANE('',#3291);
#2972=PLANE('',#3292);
#2973=PLANE('',#3293);
#2974=ADVANCED_FACE('',(#18),#2817,.T.);
#2975=ADVANCED_FACE('',(#19),#2818,.F.);
#2976=ADVANCED_FACE('',(#20),#2819,.F.);
#2977=ADVANCED_FACE('',(#21,#17),#2820,.T.);
#2978=ADVANCED_FACE('',(#22),#2821,.F.);
#2979=ADVANCED_FACE('',(#23),#2822,.F.);
#2980=ADVANCED_FACE('',(#24),#2823,.F.);
#2981=ADVANCED_FACE('',(#25),#2824,.F.);
#2982=ADVANCED_FACE('',(#26),#2825,.T.);
#2983=ADVANCED_FACE('',(#27),#2826,.T.);
#2984=ADVANCED_FACE('',(#28),#2827,.T.);
#2985=ADVANCED_FACE('',(#29),#2828,.T.);
#2986=ADVANCED_FACE('',(#30),#2829,.T.);
#2987=ADVANCED_FACE('',(#31),#2830,.F.);
#2988=ADVANCED_FACE('',(#32),#2831,.T.);
#2989=ADVANCED_FACE('',(#33),#2832,.F.);
#2990=ADVANCED_FACE('',(#34),#2833,.T.);
#2991=ADVANCED_FACE('',(#35),#2834,.F.);
#2992=ADVANCED_FACE('',(#36),#2835,.T.);
#2993=ADVANCED_FACE('',(#37),#2836,.T.);
#2994=ADVANCED_FACE('',(#38),#2837,.F.);
#2995=ADVANCED_FACE('',(#39),#2838,.T.);
#2996=ADVANCED_FACE('',(#40),#2839,.T.);
#2997=ADVANCED_FACE('',(#41),#2840,.T.);
#2998=ADVANCED_FACE('',(#42),#2841,.F.);
#2999=ADVANCED_FACE('',(#43),#2842,.T.);
#3000=ADVANCED_FACE('',(#44),#2843,.F.);
#3001=ADVANCED_FACE('',(#45),#2844,.T.);
#3002=ADVANCED_FACE('',(#46),#2845,.F.);
#3003=ADVANCED_FACE('',(#47),#2846,.T.);
#3004=ADVANCED_FACE('',(#48),#2847,.F.);
#3005=ADVANCED_FACE('',(#49),#2848,.F.);
#3006=ADVANCED_FACE('',(#50),#2849,.T.);
#3007=ADVANCED_FACE('',(#51),#2850,.T.);
#3008=ADVANCED_FACE('',(#52),#2851,.F.);
#3009=ADVANCED_FACE('',(#53),#2852,.F.);
#3010=ADVANCED_FACE('',(#54),#2853,.F.);
#3011=ADVANCED_FACE('',(#55),#2854,.F.);
#3012=ADVANCED_FACE('',(#56),#2855,.T.);
#3013=ADVANCED_FACE('',(#57),#2856,.F.);
#3014=ADVANCED_FACE('',(#58),#2857,.T.);
#3015=ADVANCED_FACE('',(#59),#2858,.F.);
#3016=ADVANCED_FACE('',(#60),#2859,.T.);
#3017=ADVANCED_FACE('',(#61),#2860,.T.);
#3018=ADVANCED_FACE('',(#62),#2861,.F.);
#3019=ADVANCED_FACE('',(#63),#2862,.F.);
#3020=ADVANCED_FACE('',(#64),#2863,.F.);
#3021=ADVANCED_FACE('',(#65),#2864,.T.);
#3022=ADVANCED_FACE('',(#66),#2865,.F.);
#3023=ADVANCED_FACE('',(#67),#2866,.F.);
#3024=ADVANCED_FACE('',(#68),#2867,.F.);
#3025=ADVANCED_FACE('',(#69),#2868,.T.);
#3026=ADVANCED_FACE('',(#70),#2869,.F.);
#3027=ADVANCED_FACE('',(#71),#2870,.F.);
#3028=ADVANCED_FACE('',(#72),#2871,.T.);
#3029=ADVANCED_FACE('',(#73),#2872,.T.);
#3030=ADVANCED_FACE('',(#74),#2873,.F.);
#3031=ADVANCED_FACE('',(#75),#2874,.T.);
#3032=ADVANCED_FACE('',(#76),#2875,.F.);
#3033=ADVANCED_FACE('',(#77),#2876,.T.);
#3034=ADVANCED_FACE('',(#78),#2877,.F.);
#3035=ADVANCED_FACE('',(#79),#2878,.F.);
#3036=ADVANCED_FACE('',(#80),#2879,.F.);
#3037=ADVANCED_FACE('',(#81),#2880,.T.);
#3038=ADVANCED_FACE('',(#82),#2881,.T.);
#3039=ADVANCED_FACE('',(#83),#2882,.F.);
#3040=ADVANCED_FACE('',(#84),#2883,.F.);
#3041=ADVANCED_FACE('',(#85),#2884,.T.);
#3042=ADVANCED_FACE('',(#86),#2885,.T.);
#3043=ADVANCED_FACE('',(#87),#2886,.F.);
#3044=ADVANCED_FACE('',(#88),#2887,.F.);
#3045=ADVANCED_FACE('',(#89),#2888,.F.);
#3046=ADVANCED_FACE('',(#90),#2889,.T.);
#3047=ADVANCED_FACE('',(#91),#2890,.F.);
#3048=ADVANCED_FACE('',(#92),#2891,.F.);
#3049=ADVANCED_FACE('',(#93),#2892,.T.);
#3050=ADVANCED_FACE('',(#94),#2893,.F.);
#3051=ADVANCED_FACE('',(#95),#2894,.T.);
#3052=ADVANCED_FACE('',(#96),#2895,.T.);
#3053=ADVANCED_FACE('',(#97),#2896,.T.);
#3054=ADVANCED_FACE('',(#98),#2897,.F.);
#3055=ADVANCED_FACE('',(#99),#2898,.F.);
#3056=ADVANCED_FACE('',(#100),#2899,.F.);
#3057=ADVANCED_FACE('',(#101),#2900,.T.);
#3058=ADVANCED_FACE('',(#102),#2901,.T.);
#3059=ADVANCED_FACE('',(#103),#2902,.T.);
#3060=ADVANCED_FACE('',(#104),#2903,.T.);
#3061=ADVANCED_FACE('',(#105),#2904,.T.);
#3062=ADVANCED_FACE('',(#106),#2905,.T.);
#3063=ADVANCED_FACE('',(#107),#2906,.T.);
#3064=ADVANCED_FACE('',(#108),#2907,.T.);
#3065=ADVANCED_FACE('',(#109),#2908,.F.);
#3066=ADVANCED_FACE('',(#110),#2909,.F.);
#3067=ADVANCED_FACE('',(#111),#2910,.F.);
#3068=ADVANCED_FACE('',(#112),#2911,.T.);
#3069=ADVANCED_FACE('',(#113),#2912,.F.);
#3070=ADVANCED_FACE('',(#114),#2913,.T.);
#3071=ADVANCED_FACE('',(#115),#2914,.F.);
#3072=ADVANCED_FACE('',(#116),#2915,.T.);
#3073=ADVANCED_FACE('',(#117),#2916,.F.);
#3074=ADVANCED_FACE('',(#118),#2917,.T.);
#3075=ADVANCED_FACE('',(#119),#2918,.T.);
#3076=ADVANCED_FACE('',(#120),#2919,.T.);
#3077=ADVANCED_FACE('',(#121),#2920,.T.);
#3078=ADVANCED_FACE('',(#122),#2921,.T.);
#3079=ADVANCED_FACE('',(#123),#2922,.T.);
#3080=ADVANCED_FACE('',(#124),#2923,.F.);
#3081=ADVANCED_FACE('',(#125),#2924,.T.);
#3082=ADVANCED_FACE('',(#126),#2925,.T.);
#3083=ADVANCED_FACE('',(#127),#2926,.F.);
#3084=ADVANCED_FACE('',(#128),#2927,.F.);
#3085=ADVANCED_FACE('',(#129),#2928,.F.);
#3086=ADVANCED_FACE('',(#130),#2929,.T.);
#3087=ADVANCED_FACE('',(#131),#2930,.F.);
#3088=ADVANCED_FACE('',(#132),#2931,.F.);
#3089=ADVANCED_FACE('',(#133),#2932,.T.);
#3090=ADVANCED_FACE('',(#134),#2933,.F.);
#3091=ADVANCED_FACE('',(#135),#2934,.T.);
#3092=ADVANCED_FACE('',(#136),#2935,.T.);
#3093=ADVANCED_FACE('',(#137),#2936,.T.);
#3094=ADVANCED_FACE('',(#138),#2937,.T.);
#3095=ADVANCED_FACE('',(#139),#2938,.T.);
#3096=ADVANCED_FACE('',(#140),#2939,.T.);
#3097=ADVANCED_FACE('',(#141),#2940,.T.);
#3098=ADVANCED_FACE('',(#142),#2941,.T.);
#3099=ADVANCED_FACE('',(#143),#2942,.T.);
#3100=ADVANCED_FACE('',(#144),#2943,.F.);
#3101=ADVANCED_FACE('',(#145),#2944,.F.);
#3102=ADVANCED_FACE('',(#146),#2945,.T.);
#3103=ADVANCED_FACE('',(#147),#2946,.T.);
#3104=ADVANCED_FACE('',(#148),#2947,.T.);
#3105=ADVANCED_FACE('',(#149),#2948,.T.);
#3106=ADVANCED_FACE('',(#150),#2949,.T.);
#3107=ADVANCED_FACE('',(#151),#2950,.T.);
#3108=ADVANCED_FACE('',(#152),#2951,.T.);
#3109=ADVANCED_FACE('',(#153),#2952,.T.);
#3110=ADVANCED_FACE('',(#154),#2953,.T.);
#3111=ADVANCED_FACE('',(#155),#2954,.T.);
#3112=ADVANCED_FACE('',(#156),#2955,.F.);
#3113=ADVANCED_FACE('',(#157),#2956,.T.);
#3114=ADVANCED_FACE('',(#158),#2957,.T.);
#3115=ADVANCED_FACE('',(#159),#2958,.T.);
#3116=ADVANCED_FACE('',(#160),#2959,.T.);
#3117=ADVANCED_FACE('',(#161),#2960,.T.);
#3118=ADVANCED_FACE('',(#162),#2961,.T.);
#3119=ADVANCED_FACE('',(#163),#2962,.T.);
#3120=ADVANCED_FACE('',(#164),#2963,.T.);
#3121=ADVANCED_FACE('',(#165),#2964,.T.);
#3122=ADVANCED_FACE('',(#166),#2965,.T.);
#3123=ADVANCED_FACE('',(#167),#2966,.T.);
#3124=ADVANCED_FACE('',(#168),#2967,.F.);
#3125=ADVANCED_FACE('',(#169),#2968,.T.);
#3126=ADVANCED_FACE('',(#170),#2969,.T.);
#3127=ADVANCED_FACE('',(#171),#2970,.T.);
#3128=ADVANCED_FACE('',(#172),#2971,.T.);
#3129=ADVANCED_FACE('',(#173),#2972,.T.);
#3130=ADVANCED_FACE('',(#174),#2973,.F.);
#3131=CLOSED_SHELL('',(#2974,#2975,#2976,#2977,#2978,#2979,#2980,#2981,
#2982,#2983,#2984,#2985,#2986,#2987,#2988,#2989,#2990,#2991,#2992,#2993,
#2994,#2995,#2996,#2997,#2998,#2999,#3000,#3001,#3002,#3003,#3004,#3005,
#3006,#3007,#3008,#3009,#3010,#3011,#3012,#3013,#3014,#3015,#3016,#3017,
#3018,#3019,#3020,#3021,#3022,#3023,#3024,#3025,#3026,#3027,#3028,#3029,
#3030,#3031,#3032,#3033,#3034,#3035,#3036,#3037,#3038,#3039,#3040,#3041,
#3042,#3043,#3044,#3045,#3046,#3047,#3048,#3049,#3050,#3051,#3052,#3053,
#3054,#3055,#3056,#3057,#3058,#3059,#3060,#3061,#3062,#3063,#3064,#3065,
#3066,#3067,#3068,#3069,#3070,#3071,#3072,#3073,#3074,#3075,#3076,#3077,
#3078,#3079,#3080,#3081,#3082,#3083,#3084,#3085,#3086,#3087,#3088,#3089,
#3090,#3091,#3092,#3093,#3094,#3095,#3096,#3097,#3098,#3099,#3100,#3101,
#3102,#3103,#3104,#3105,#3106,#3107,#3108,#3109,#3110));
#3132=CLOSED_SHELL('',(#3111,#3112,#3113,#3114,#3115,#3116,#3117,#3118));
#3133=CLOSED_SHELL('',(#3119,#3120,#3121,#3122,#3123,#3124));
#3134=CLOSED_SHELL('',(#3125,#3126,#3127,#3128,#3129,#3130));
#3135=BREP_WITH_VOIDS('Base',#3131,(#14,#15,#16));
#3136=AXIS2_PLACEMENT_3D('',#4049,#3294,#3295);
#3137=AXIS2_PLACEMENT_3D('',#4050,#3296,#3297);
#3138=AXIS2_PLACEMENT_3D('',#4059,#3302,#3303);
#3139=AXIS2_PLACEMENT_3D('',#4065,#3307,#3308);
#3140=AXIS2_PLACEMENT_3D('',#4095,#3324,#3325);
#3141=AXIS2_PLACEMENT_3D('',#4111,#3334,#3335);
#3142=AXIS2_PLACEMENT_3D('',#4118,#3340,#3341);
#3143=AXIS2_PLACEMENT_3D('',#4124,#3345,#3346);
#3144=AXIS2_PLACEMENT_3D('',#4130,#3350,#3351);
#3145=AXIS2_PLACEMENT_3D('',#4136,#3355,#3356);
#3146=AXIS2_PLACEMENT_3D('',#4150,#3364,#3365);
#3147=AXIS2_PLACEMENT_3D('',#4156,#3369,#3370);
#3148=AXIS2_PLACEMENT_3D('',#4162,#3374,#3375);
#3149=AXIS2_PLACEMENT_3D('',#4180,#3385,#3386);
#3150=AXIS2_PLACEMENT_3D('',#4193,#3393,#3394);
#3151=AXIS2_PLACEMENT_3D('',#4203,#3400,#3401);
#3152=AXIS2_PLACEMENT_3D('',#4216,#3408,#3409);
#3153=AXIS2_PLACEMENT_3D('',#4226,#3415,#3416);
#3154=AXIS2_PLACEMENT_3D('',#4240,#3424,#3425);
#3155=AXIS2_PLACEMENT_3D('',#4244,#3428,#3429);
#3156=AXIS2_PLACEMENT_3D('',#4251,#3434,#3435);
#3157=AXIS2_PLACEMENT_3D('',#4261,#3441,#3442);
#3158=AXIS2_PLACEMENT_3D('',#4275,#3450,#3451);
#3159=AXIS2_PLACEMENT_3D('',#4283,#3456,#3457);
#3160=AXIS2_PLACEMENT_3D('',#4296,#3464,#3465);
#3161=AXIS2_PLACEMENT_3D('',#4305,#3471,#3472);
#3162=AXIS2_PLACEMENT_3D('',#4313,#3477,#3478);
#3163=AXIS2_PLACEMENT_3D('',#4322,#3483,#3484);
#3164=AXIS2_PLACEMENT_3D('',#4336,#3492,#3493);
#3165=AXIS2_PLACEMENT_3D('',#4342,#3497,#3498);
#3166=AXIS2_PLACEMENT_3D('',#4346,#3501,#3502);
#3167=AXIS2_PLACEMENT_3D('',#4356,#3508,#3509);
#3168=AXIS2_PLACEMENT_3D('',#4366,#3515,#3516);
#3169=AXIS2_PLACEMENT_3D('',#4372,#3520,#3521);
#3170=AXIS2_PLACEMENT_3D('',#4376,#3524,#3525);
#3171=AXIS2_PLACEMENT_3D('',#4382,#3529,#3530);
#3172=AXIS2_PLACEMENT_3D('',#4386,#3533,#3534);
#3173=AXIS2_PLACEMENT_3D('',#4394,#3539,#3540);
#3174=AXIS2_PLACEMENT_3D('',#4400,#3544,#3545);
#3175=AXIS2_PLACEMENT_3D('',#4406,#3549,#3550);
#3176=AXIS2_PLACEMENT_3D('',#4417,#3557,#3558);
#3177=AXIS2_PLACEMENT_3D('',#4426,#3563,#3564);
#3178=AXIS2_PLACEMENT_3D('',#4436,#3570,#3571);
#3179=AXIS2_PLACEMENT_3D('',#4442,#3575,#3576);
#3180=AXIS2_PLACEMENT_3D('',#4448,#3580,#3581);
#3181=AXIS2_PLACEMENT_3D('',#4453,#3585,#3586);
#3182=AXIS2_PLACEMENT_3D('',#4457,#3589,#3590);
#3183=AXIS2_PLACEMENT_3D('',#4459,#3592,#3593);
#3184=AXIS2_PLACEMENT_3D('',#4468,#3598,#3599);
#3185=AXIS2_PLACEMENT_3D('',#4480,#3607,#3608);
#3186=AXIS2_PLACEMENT_3D('',#4484,#3611,#3612);
#3187=AXIS2_PLACEMENT_3D('',#4486,#3614,#3615);
#3188=AXIS2_PLACEMENT_3D('',#4495,#3620,#3621);
#3189=AXIS2_PLACEMENT_3D('',#4505,#3627,#3628);
#3190=AXIS2_PLACEMENT_3D('',#4507,#3630,#3631);
#3191=AXIS2_PLACEMENT_3D('',#4513,#3635,#3636);
#3192=AXIS2_PLACEMENT_3D('',#4519,#3640,#3641);
#3193=AXIS2_PLACEMENT_3D('',#4527,#3646,#3647);
#3194=AXIS2_PLACEMENT_3D('',#4536,#3652,#3653);
#3195=AXIS2_PLACEMENT_3D('',#4543,#3658,#3659);
#3196=AXIS2_PLACEMENT_3D('',#4552,#3664,#3665);
#3197=AXIS2_PLACEMENT_3D('',#4564,#3673,#3674);
#3198=AXIS2_PLACEMENT_3D('',#4566,#3676,#3677);
#3199=AXIS2_PLACEMENT_3D('',#4570,#3680,#3681);
#3200=AXIS2_PLACEMENT_3D('',#4576,#3685,#3686);
#3201=AXIS2_PLACEMENT_3D('',#4582,#3690,#3691);
#3202=AXIS2_PLACEMENT_3D('',#4590,#3696,#3697);
#3203=AXIS2_PLACEMENT_3D('',#4592,#3699,#3700);
#3204=AXIS2_PLACEMENT_3D('',#4601,#3705,#3706);
#3205=AXIS2_PLACEMENT_3D('',#4611,#3712,#3713);
#3206=AXIS2_PLACEMENT_3D('',#4616,#3717,#3718);
#3207=AXIS2_PLACEMENT_3D('',#4625,#3723,#3724);
#3208=AXIS2_PLACEMENT_3D('',#4636,#3731,#3732);
#3209=AXIS2_PLACEMENT_3D('',#4642,#3736,#3737);
#3210=AXIS2_PLACEMENT_3D('',#4653,#3744,#3745);
#3211=AXIS2_PLACEMENT_3D('',#4657,#3748,#3749);
#3212=AXIS2_PLACEMENT_3D('',#4661,#3752,#3753);
#3213=AXIS2_PLACEMENT_3D('',#4666,#3757,#3758);
#3214=AXIS2_PLACEMENT_3D('',#4668,#3760,#3761);
#3215=AXIS2_PLACEMENT_3D('',#4674,#3765,#3766);
#3216=AXIS2_PLACEMENT_3D('',#4680,#3770,#3771);
#3217=AXIS2_PLACEMENT_3D('',#4686,#3776,#3777);
#3218=AXIS2_PLACEMENT_3D('',#4687,#3778,#3779);
#3219=AXIS2_PLACEMENT_3D('',#4688,#3780,#3781);
#3220=AXIS2_PLACEMENT_3D('',#4693,#3785,#3786);
#3221=AXIS2_PLACEMENT_3D('',#4695,#3788,#3789);
#3222=AXIS2_PLACEMENT_3D('',#4696,#3790,#3791);
#3223=AXIS2_PLACEMENT_3D('',#4701,#3795,#3796);
#3224=AXIS2_PLACEMENT_3D('',#4706,#3800,#3801);
#3225=AXIS2_PLACEMENT_3D('',#4710,#3804,#3805);
#3226=AXIS2_PLACEMENT_3D('',#4712,#3807,#3808);
#3227=AXIS2_PLACEMENT_3D('',#4719,#3813,#3814);
#3228=AXIS2_PLACEMENT_3D('',#4725,#3818,#3819);
#3229=AXIS2_PLACEMENT_3D('',#4727,#3821,#3822);
#3230=AXIS2_PLACEMENT_3D('',#4729,#3824,#3825);
#3231=AXIS2_PLACEMENT_3D('',#4730,#3826,#3827);
#3232=AXIS2_PLACEMENT_3D('',#4731,#3828,#3829);
#3233=AXIS2_PLACEMENT_3D('',#4733,#3831,#3832);
#3234=AXIS2_PLACEMENT_3D('',#4734,#3833,#3834);
#3235=AXIS2_PLACEMENT_3D('',#4740,#3838,#3839);
#3236=AXIS2_PLACEMENT_3D('',#4745,#3843,#3844);
#3237=AXIS2_PLACEMENT_3D('',#4746,#3845,#3846);
#3238=AXIS2_PLACEMENT_3D('',#4749,#3849,#3850);
#3239=AXIS2_PLACEMENT_3D('',#4751,#3852,#3853);
#3240=AXIS2_PLACEMENT_3D('',#4755,#3856,#3857);
#3241=AXIS2_PLACEMENT_3D('',#4759,#3860,#3861);
#3242=AXIS2_PLACEMENT_3D('',#4763,#3864,#3865);
#3243=AXIS2_PLACEMENT_3D('',#4765,#3867,#3868);
#3244=AXIS2_PLACEMENT_3D('',#4766,#3869,#3870);
#3245=AXIS2_PLACEMENT_3D('',#4771,#3874,#3875);
#3246=AXIS2_PLACEMENT_3D('',#4776,#3879,#3880);
#3247=AXIS2_PLACEMENT_3D('',#4777,#3881,#3882);
#3248=AXIS2_PLACEMENT_3D('',#4781,#3885,#3886);
#3249=AXIS2_PLACEMENT_3D('',#4782,#3887,#3888);
#3250=AXIS2_PLACEMENT_3D('',#4785,#3891,#3892);
#3251=AXIS2_PLACEMENT_3D('',#4786,#3893,#3894);
#3252=AXIS2_PLACEMENT_3D('',#4790,#3897,#3898);
#3253=AXIS2_PLACEMENT_3D('',#4801,#3905,#3906);
#3254=AXIS2_PLACEMENT_3D('',#4804,#3909,#3910);
#3255=AXIS2_PLACEMENT_3D('',#4806,#3912,#3913);
#3256=AXIS2_PLACEMENT_3D('',#4807,#3914,#3915);
#3257=AXIS2_PLACEMENT_3D('',#4811,#3918,#3919);
#3258=AXIS2_PLACEMENT_3D('',#4815,#3922,#3923);
#3259=AXIS2_PLACEMENT_3D('',#4818,#3926,#3927);
#3260=AXIS2_PLACEMENT_3D('',#4819,#3928,#3929);
#3261=AXIS2_PLACEMENT_3D('',#4821,#3931,#3932);
#3262=AXIS2_PLACEMENT_3D('',#4823,#3934,#3935);
#3263=AXIS2_PLACEMENT_3D('',#4825,#3937,#3938);
#3264=AXIS2_PLACEMENT_3D('',#4826,#3939,#3940);
#3265=AXIS2_PLACEMENT_3D('',#4830,#3943,#3944);
#3266=AXIS2_PLACEMENT_3D('',#4832,#3946,#3947);
#3267=AXIS2_PLACEMENT_3D('',#4833,#3948,#3949);
#3268=AXIS2_PLACEMENT_3D('',#4835,#3951,#3952);
#3269=AXIS2_PLACEMENT_3D('',#4837,#3954,#3955);
#3270=AXIS2_PLACEMENT_3D('',#4839,#3957,#3958);
#3271=AXIS2_PLACEMENT_3D('',#4840,#3959,#3960);
#3272=AXIS2_PLACEMENT_3D('',#4842,#3962,#3963);
#3273=AXIS2_PLACEMENT_3D('',#4844,#3965,#3966);
#3274=AXIS2_PLACEMENT_3D('',#4845,#3967,#3968);
#3275=AXIS2_PLACEMENT_3D('',#4854,#3973,#3974);
#3276=AXIS2_PLACEMENT_3D('',#4864,#3980,#3981);
#3277=AXIS2_PLACEMENT_3D('',#4868,#3984,#3985);
#3278=AXIS2_PLACEMENT_3D('',#4872,#3988,#3989);
#3279=AXIS2_PLACEMENT_3D('',#4876,#3992,#3993);
#3280=AXIS2_PLACEMENT_3D('',#4880,#3996,#3997);
#3281=AXIS2_PLACEMENT_3D('',#4882,#3999,#4000);
#3282=AXIS2_PLACEMENT_3D('',#4883,#4001,#4002);
#3283=AXIS2_PLACEMENT_3D('',#4892,#4007,#4008);
#3284=AXIS2_PLACEMENT_3D('',#4898,#4012,#4013);
#3285=AXIS2_PLACEMENT_3D('',#4904,#4017,#4018);
#3286=AXIS2_PLACEMENT_3D('',#4906,#4020,#4021);
#3287=AXIS2_PLACEMENT_3D('',#4908,#4023,#4024);
#3288=AXIS2_PLACEMENT_3D('',#4909,#4025,#4026);
#3289=AXIS2_PLACEMENT_3D('',#4918,#4031,#4032);
#3290=AXIS2_PLACEMENT_3D('',#4924,#4036,#4037);
#3291=AXIS2_PLACEMENT_3D('',#4928,#4040,#4041);
#3292=AXIS2_PLACEMENT_3D('',#4932,#4044,#4045);
#3293=AXIS2_PLACEMENT_3D('',#4934,#4047,#4048);
#3294=DIRECTION('axis',(0.,0.,1.));
#3295=DIRECTION('refdir',(1.,0.,0.));
#3296=DIRECTION('center_axis',(0.,0.,-1.));
#3297=DIRECTION('ref_axis',(-1.,0.,0.));
#3298=DIRECTION('',(1.,0.,0.));
#3299=DIRECTION('',(0.,1.,0.));
#3300=DIRECTION('',(-1.,0.,0.));
#3301=DIRECTION('',(0.,-1.,0.));
#3302=DIRECTION('center_axis',(1.,0.,0.));
#3303=DIRECTION('ref_axis',(0.,0.,-1.));
#3304=DIRECTION('',(0.,0.,-1.));
#3305=DIRECTION('',(0.,-1.,0.));
#3306=DIRECTION('',(0.,0.,-1.));
#3307=DIRECTION('center_axis',(0.,0.,-1.));
#3308=DIRECTION('ref_axis',(-1.,0.,0.));
#3309=DIRECTION('',(2.22044604925031E-16,1.,0.));
#3310=DIRECTION('',(-1.,0.,0.));
#3311=DIRECTION('',(0.,1.,0.));
#3312=DIRECTION('',(-1.,0.,0.));
#3313=DIRECTION('',(-1.,0.,0.));
#3314=DIRECTION('',(0.,-1.,0.));
#3315=DIRECTION('',(-1.,0.,0.));
#3316=DIRECTION('',(0.,-1.,0.));
#3317=DIRECTION('',(1.,2.22044604925031E-16,0.));
#3318=DIRECTION('',(2.22044604925031E-16,-1.,0.));
#3319=DIRECTION('',(1.,0.,0.));
#3320=DIRECTION('',(4.44089209850063E-16,1.,0.));
#3321=DIRECTION('',(1.,-4.44089209850063E-16,0.));
#3322=DIRECTION('',(0.,1.,0.));
#3323=DIRECTION('',(-1.,2.22044604925031E-16,0.));
#3324=DIRECTION('center_axis',(0.,-1.,0.));
#3325=DIRECTION('ref_axis',(1.,0.,0.));
#3326=DIRECTION('',(1.,0.,0.));
#3327=DIRECTION('',(0.,0.,1.));
#3328=DIRECTION('',(-1.,0.,0.));
#3329=DIRECTION('',(0.,0.,1.));
#3330=DIRECTION('',(1.,0.,0.));
#3331=DIRECTION('',(1.,0.,0.));
#3332=DIRECTION('',(1.,0.,0.));
#3333=DIRECTION('',(0.,0.,1.));
#3334=DIRECTION('center_axis',(0.,-1.,0.));
#3335=DIRECTION('ref_axis',(0.,0.,-1.));
#3336=DIRECTION('',(0.,0.,1.));
#3337=DIRECTION('',(-1.,0.,0.));
#3338=DIRECTION('',(0.,0.,-1.));
#3339=DIRECTION('',(0.,0.,1.));
#3340=DIRECTION('center_axis',(-1.,0.,0.));
#3341=DIRECTION('ref_axis',(0.,0.,1.));
#3342=DIRECTION('',(0.,0.,-1.));
#3343=DIRECTION('',(0.,0.,1.));
#3344=DIRECTION('',(0.,1.,0.));
#3345=DIRECTION('center_axis',(0.,1.,0.));
#3346=DIRECTION('ref_axis',(0.,0.,1.));
#3347=DIRECTION('',(0.,0.,-1.));
#3348=DIRECTION('',(0.,0.,1.));
#3349=DIRECTION('',(1.,0.,0.));
#3350=DIRECTION('center_axis',(1.,0.,0.));
#3351=DIRECTION('ref_axis',(0.,0.,-1.));
#3352=DIRECTION('',(0.,0.,-1.));
#3353=DIRECTION('',(0.,0.,1.));
#3354=DIRECTION('',(0.,-1.,0.));
#3355=DIRECTION('center_axis',(0.,0.,1.));
#3356=DIRECTION('ref_axis',(1.,0.,0.));
#3357=DIRECTION('',(1.,0.,0.));
#3358=DIRECTION('',(0.,-1.,0.));
#3359=DIRECTION('',(1.,0.,0.));
#3360=DIRECTION('',(0.,1.,0.));
#3361=DIRECTION('',(-1.,-2.22044604925031E-16,0.));
#3362=DIRECTION('',(2.22044604925031E-16,-1.,0.));
#3363=DIRECTION('',(-1.,-2.22044604925031E-16,0.));
#3364=DIRECTION('center_axis',(0.,0.,1.));
#3365=DIRECTION('ref_axis',(1.,0.,0.));
#3366=DIRECTION('',(-2.22044604925031E-16,-1.,0.));
#3367=DIRECTION('',(1.,0.,0.));
#3368=DIRECTION('',(0.,1.,0.));
#3369=DIRECTION('center_axis',(0.,0.,1.));
#3370=DIRECTION('ref_axis',(1.,0.,0.));
#3371=DIRECTION('',(-1.,4.44089209850063E-16,0.));
#3372=DIRECTION('',(0.,-1.,0.));
#3373=DIRECTION('',(1.,-2.22044604925031E-16,0.));
#3374=DIRECTION('center_axis',(0.,0.,1.));
#3375=DIRECTION('ref_axis',(1.,0.,0.));
#3376=DIRECTION('',(-2.22044604925031E-16,1.,0.));
#3377=DIRECTION('',(1.,2.22044604925031E-16,0.));
#3378=DIRECTION('',(-2.22044604925031E-16,1.,0.));
#3379=DIRECTION('',(-1.,0.,0.));
#3380=DIRECTION('',(0.,-1.,0.));
#3381=DIRECTION('',(1.,-6.66133814775094E-16,0.));
#3382=DIRECTION('',(-4.44089209850063E-16,-1.,0.));
#3383=DIRECTION('',(1.,-4.44089209850063E-16,0.));
#3384=DIRECTION('',(-4.44089209850063E-16,-1.,0.));
#3385=DIRECTION('center_axis',(1.,0.,0.));
#3386=DIRECTION('ref_axis',(0.,0.,-1.));
#3387=DIRECTION('',(0.,-1.,0.));
#3388=DIRECTION('',(0.,0.,-1.));
#3389=DIRECTION('',(-4.44089209850063E-16,-1.,0.));
#3390=DIRECTION('',(0.,0.,1.));
#3391=DIRECTION('',(0.,-1.,0.));
#3392=DIRECTION('',(0.,0.,1.));
#3393=DIRECTION('center_axis',(-4.44089209850063E-16,-1.,0.));
#3394=DIRECTION('ref_axis',(1.,-4.44089209850063E-16,0.));
#3395=DIRECTION('',(1.,-4.44089209850063E-16,0.));
#3396=DIRECTION('',(0.,0.,1.));
#3397=DIRECTION('',(-1.,4.44089209850063E-16,0.));
#3398=DIRECTION('',(0.,0.,1.));
#3399=DIRECTION('',(1.,-4.44089209850063E-16,0.));
#3400=DIRECTION('center_axis',(0.,1.,0.));
#3401=DIRECTION('ref_axis',(0.,0.,1.));
#3402=DIRECTION('',(1.,0.,0.));
#3403=DIRECTION('',(0.,0.,-1.));
#3404=DIRECTION('',(1.,-4.44089209850063E-16,0.));
#3405=DIRECTION('',(0.,0.,1.));
#3406=DIRECTION('',(1.,0.,0.));
#3407=DIRECTION('',(0.,0.,-1.));
#3408=DIRECTION('center_axis',(-1.,4.44089209850063E-16,0.));
#3409=DIRECTION('ref_axis',(-4.44089209850063E-16,-1.,0.));
#3410=DIRECTION('',(-4.44089209850063E-16,-1.,0.));
#3411=DIRECTION('',(0.,0.,-1.));
#3412=DIRECTION('',(4.44089209850063E-16,1.,0.));
#3413=DIRECTION('',(0.,0.,-1.));
#3414=DIRECTION('',(-4.44089209850063E-16,-1.,0.));
#3415=DIRECTION('center_axis',(0.,0.,1.));
#3416=DIRECTION('ref_axis',(1.,0.,0.));
#3417=DIRECTION('',(-1.,0.,0.));
#3418=DIRECTION('',(0.,1.,0.));
#3419=DIRECTION('',(-1.,2.22044604925031E-16,0.));
#3420=DIRECTION('',(0.,1.,0.));
#3421=DIRECTION('',(1.,0.,0.));
#3422=DIRECTION('',(-2.22044604925031E-16,-1.,0.));
#3423=DIRECTION('',(-1.,4.44089209850063E-16,0.));
#3424=DIRECTION('center_axis',(0.,-1.,0.));
#3425=DIRECTION('ref_axis',(1.,0.,0.));
#3426=DIRECTION('',(-1.,0.,0.));
#3427=DIRECTION('',(0.,0.,-1.));
#3428=DIRECTION('center_axis',(0.,0.,1.));
#3429=DIRECTION('ref_axis',(1.,0.,0.));
#3430=DIRECTION('',(-2.22044604925031E-16,-1.,0.));
#3431=DIRECTION('',(0.,1.,0.));
#3432=DIRECTION('',(1.,-2.22044604925031E-16,0.));
#3433=DIRECTION('',(0.,1.,0.));
#3434=DIRECTION('center_axis',(1.,0.,0.));
#3435=DIRECTION('ref_axis',(0.,0.,-1.));
#3436=DIRECTION('',(0.,0.,1.));
#3437=DIRECTION('',(0.,-1.,0.));
#3438=DIRECTION('',(0.,0.,-1.));
#3439=DIRECTION('',(-6.66133814775094E-16,-1.,0.));
#3440=DIRECTION('',(0.,0.,1.));
#3441=DIRECTION('center_axis',(6.66133814775094E-16,1.,0.));
#3442=DIRECTION('ref_axis',(-1.,6.66133814775094E-16,0.));
#3443=DIRECTION('',(-1.,6.66133814775094E-16,0.));
#3444=DIRECTION('',(0.,0.,-1.));
#3445=DIRECTION('',(-1.,6.66133814775094E-16,0.));
#3446=DIRECTION('',(0.,0.,-1.));
#3447=DIRECTION('',(1.,-6.66133814775094E-16,0.));
#3448=DIRECTION('',(0.,0.,-1.));
#3449=DIRECTION('',(-1.,6.66133814775094E-16,0.));
#3450=DIRECTION('center_axis',(0.,0.,1.));
#3451=DIRECTION('ref_axis',(1.,0.,0.));
#3452=DIRECTION('',(-1.,0.,0.));
#3453=DIRECTION('',(0.,1.,0.));
#3454=DIRECTION('',(1.,0.,0.));
#3455=DIRECTION('',(-4.44089209850063E-16,-1.,0.));
#3456=DIRECTION('center_axis',(0.,-1.,0.));
#3457=DIRECTION('ref_axis',(0.,0.,-1.));
#3458=DIRECTION('',(-1.,0.,0.));
#3459=DIRECTION('',(0.,0.,-1.));
#3460=DIRECTION('',(-1.,6.66133814775094E-16,0.));
#3461=DIRECTION('',(0.,0.,1.));
#3462=DIRECTION('',(-1.,0.,0.));
#3463=DIRECTION('',(0.,0.,1.));
#3464=DIRECTION('center_axis',(0.,0.,1.));
#3465=DIRECTION('ref_axis',(1.,0.,0.));
#3466=DIRECTION('',(0.,1.,0.));
#3467=DIRECTION('',(-6.66133814775094E-16,-1.,0.));
#3468=DIRECTION('',(-1.,4.44089209850063E-16,0.));
#3469=DIRECTION('',(0.,-1.,0.));
#3470=DIRECTION('',(1.,-2.22044604925031E-16,0.));
#3471=DIRECTION('center_axis',(-1.,6.66133814775094E-16,0.));
#3472=DIRECTION('ref_axis',(-6.66133814775094E-16,-1.,0.));
#3473=DIRECTION('',(-6.66133814775094E-16,-1.,0.));
#3474=DIRECTION('',(0.,0.,1.));
#3475=DIRECTION('',(6.66133814775094E-16,1.,0.));
#3476=DIRECTION('',(0.,0.,1.));
#3477=DIRECTION('center_axis',(0.,-1.,0.));
#3478=DIRECTION('ref_axis',(0.,0.,-1.));
#3479=DIRECTION('',(-1.,0.,0.));
#3480=DIRECTION('',(0.,0.,-1.));
#3481=DIRECTION('',(-1.,0.,0.));
#3482=DIRECTION('',(0.,0.,1.));
#3483=DIRECTION('center_axis',(1.,0.,0.));
#3484=DIRECTION('ref_axis',(0.,1.,0.));
#3485=DIRECTION('',(0.,-1.,0.));
#3486=DIRECTION('',(0.,0.,1.));
#3487=DIRECTION('',(0.,-1.,0.));
#3488=DIRECTION('',(0.,0.,-1.));
#3489=DIRECTION('',(0.,-1.,0.));
#3490=DIRECTION('',(0.,0.,-1.));
#3491=DIRECTION('',(0.,1.,0.));
#3492=DIRECTION('center_axis',(-1.,0.,0.));
#3493=DIRECTION('ref_axis',(0.,0.,1.));
#3494=DIRECTION('',(0.,0.,-1.));
#3495=DIRECTION('',(0.,1.,0.));
#3496=DIRECTION('',(0.,0.,1.));
#3497=DIRECTION('center_axis',(0.,-1.,0.));
#3498=DIRECTION('ref_axis',(1.,0.,0.));
#3499=DIRECTION('',(0.,0.,-1.));
#3500=DIRECTION('',(-1.,0.,0.));
#3501=DIRECTION('center_axis',(0.,1.,0.));
#3502=DIRECTION('ref_axis',(0.,0.,1.));
#3503=DIRECTION('',(1.,0.,0.));
#3504=DIRECTION('',(0.,0.,-1.));
#3505=DIRECTION('',(1.,-2.22044604925031E-16,0.));
#3506=DIRECTION('',(0.,0.,1.));
#3507=DIRECTION('',(1.,0.,0.));
#3508=DIRECTION('center_axis',(1.,-2.22044604925031E-16,0.));
#3509=DIRECTION('ref_axis',(2.22044604925031E-16,1.,0.));
#3510=DIRECTION('',(2.22044604925031E-16,1.,0.));
#3511=DIRECTION('',(0.,0.,1.));
#3512=DIRECTION('',(-2.22044604925031E-16,-1.,0.));
#3513=DIRECTION('',(0.,0.,1.));
#3514=DIRECTION('',(2.22044604925031E-16,1.,0.));
#3515=DIRECTION('center_axis',(-1.,2.22044604925031E-16,0.));
#3516=DIRECTION('ref_axis',(-2.22044604925031E-16,-1.,0.));
#3517=DIRECTION('',(-2.22044604925031E-16,-1.,0.));
#3518=DIRECTION('',(0.,0.,-1.));
#3519=DIRECTION('',(2.22044604925031E-16,1.,0.));
#3520=DIRECTION('center_axis',(0.,0.,1.));
#3521=DIRECTION('ref_axis',(1.,0.,0.));
#3522=DIRECTION('',(0.,1.,0.));
#3523=DIRECTION('',(1.,0.,0.));
#3524=DIRECTION('center_axis',(-1.,0.,0.));
#3525=DIRECTION('ref_axis',(0.,0.,1.));
#3526=DIRECTION('',(0.,0.,-1.));
#3527=DIRECTION('',(2.22044604925031E-16,1.,0.));
#3528=DIRECTION('',(0.,0.,1.));
#3529=DIRECTION('center_axis',(2.22044604925031E-16,1.,0.));
#3530=DIRECTION('ref_axis',(0.,0.,1.));
#3531=DIRECTION('',(1.,-2.22044604925031E-16,0.));
#3532=DIRECTION('',(0.,0.,1.));
#3533=DIRECTION('center_axis',(-2.22044604925031E-16,-1.,0.));
#3534=DIRECTION('ref_axis',(1.,-2.22044604925031E-16,0.));
#3535=DIRECTION('',(0.,0.,-1.));
#3536=DIRECTION('',(-1.,2.22044604925031E-16,0.));
#3537=DIRECTION('',(0.,0.,-1.));
#3538=DIRECTION('',(1.,-2.22044604925031E-16,0.));
#3539=DIRECTION('center_axis',(-1.,0.,0.));
#3540=DIRECTION('ref_axis',(0.,0.,1.));
#3541=DIRECTION('',(0.,1.,0.));
#3542=DIRECTION('',(0.,0.,1.));
#3543=DIRECTION('',(0.,-1.,0.));
#3544=DIRECTION('center_axis',(0.,1.,0.));
#3545=DIRECTION('ref_axis',(0.,0.,1.));
#3546=DIRECTION('',(-1.,0.,0.));
#3547=DIRECTION('',(0.,0.,-1.));
#3548=DIRECTION('',(1.,0.,0.));
#3549=DIRECTION('center_axis',(0.,0.,1.));
#3550=DIRECTION('ref_axis',(1.,0.,0.));
#3551=DIRECTION('',(0.,-1.,0.));
#3552=DIRECTION('',(1.,0.,0.));
#3553=DIRECTION('',(0.,1.,0.));
#3554=DIRECTION('',(-1.,0.,0.));
#3555=DIRECTION('',(0.,-1.,0.));
#3556=DIRECTION('',(-1.,0.,0.));
#3557=DIRECTION('center_axis',(-1.,0.,0.));
#3558=DIRECTION('ref_axis',(0.,0.,1.));
#3559=DIRECTION('',(0.,0.,1.));
#3560=DIRECTION('',(0.,-1.,0.));
#3561=DIRECTION('',(0.,0.,-1.));
#3562=DIRECTION('',(0.,1.,0.));
#3563=DIRECTION('center_axis',(0.,-1.,0.));
#3564=DIRECTION('ref_axis',(1.,0.,0.));
#3565=DIRECTION('',(-1.,0.,0.));
#3566=DIRECTION('',(1.,0.,0.));
#3567=DIRECTION('',(0.,0.,1.));
#3568=DIRECTION('',(-1.,0.,0.));
#3569=DIRECTION('',(0.,0.,1.));
#3570=DIRECTION('center_axis',(0.,1.,0.));
#3571=DIRECTION('ref_axis',(0.,0.,1.));
#3572=DIRECTION('',(0.,0.,-1.));
#3573=DIRECTION('',(1.,0.,0.));
#3574=DIRECTION('',(-1.,0.,0.));
#3575=DIRECTION('center_axis',(0.,0.,1.));
#3576=DIRECTION('ref_axis',(1.,0.,0.));
#3577=DIRECTION('',(0.,1.,0.));
#3578=DIRECTION('',(-1.,0.,0.));
#3579=DIRECTION('',(0.,-1.,0.));
#3580=DIRECTION('center_axis',(1.,0.,0.));
#3581=DIRECTION('ref_axis',(0.,1.,0.));
#3582=DIRECTION('',(0.,-1.,0.));
#3583=DIRECTION('',(0.,0.,1.));
#3584=DIRECTION('',(0.,0.,1.));
#3585=DIRECTION('center_axis',(0.,-1.,0.));
#3586=DIRECTION('ref_axis',(0.,0.,-1.));
#3587=DIRECTION('',(1.,0.,0.));
#3588=DIRECTION('',(0.,0.,1.));
#3589=DIRECTION('center_axis',(1.,0.,0.));
#3590=DIRECTION('ref_axis',(0.,0.,-1.));
#3591=DIRECTION('',(0.,1.,0.));
#3592=DIRECTION('center_axis',(0.,-1.,0.));
#3593=DIRECTION('ref_axis',(0.,0.,-1.));
#3594=DIRECTION('',(1.,-2.22044604925031E-16,0.));
#3595=DIRECTION('',(0.,0.,-1.));
#3596=DIRECTION('',(-1.,0.,0.));
#3597=DIRECTION('',(0.,0.,1.));
#3598=DIRECTION('center_axis',(0.,0.,1.));
#3599=DIRECTION('ref_axis',(-2.22044604925031E-16,-1.,0.));
#3600=DIRECTION('',(0.,-1.,0.));
#3601=DIRECTION('',(0.,1.,0.));
#3602=DIRECTION('',(1.,0.,0.));
#3603=DIRECTION('',(-1.,2.22044604925031E-16,0.));
#3604=DIRECTION('',(-2.22044604925031E-16,-1.,0.));
#3605=DIRECTION('',(1.,-2.22044604925031E-16,0.));
#3606=DIRECTION('',(2.22044604925031E-16,1.,0.));
#3607=DIRECTION('center_axis',(-1.,0.,0.));
#3608=DIRECTION('ref_axis',(0.,0.,1.));
#3609=DIRECTION('',(0.,-1.,0.));
#3610=DIRECTION('',(0.,0.,-1.));
#3611=DIRECTION('center_axis',(0.,1.,0.));
#3612=DIRECTION('ref_axis',(0.,0.,1.));
#3613=DIRECTION('',(-1.,0.,0.));
#3614=DIRECTION('center_axis',(0.,1.,0.));
#3615=DIRECTION('ref_axis',(0.,0.,1.));
#3616=DIRECTION('',(0.,0.,1.));
#3617=DIRECTION('',(-1.,2.22044604925031E-16,0.));
#3618=DIRECTION('',(0.,0.,-1.));
#3619=DIRECTION('',(1.,0.,0.));
#3620=DIRECTION('center_axis',(-1.,2.22044604925031E-16,0.));
#3621=DIRECTION('ref_axis',(-2.22044604925031E-16,-1.,0.));
#3622=DIRECTION('',(2.22044604925031E-16,1.,0.));
#3623=DIRECTION('',(-2.22044604925031E-16,-1.,0.));
#3624=DIRECTION('',(0.,0.,1.));
#3625=DIRECTION('',(2.22044604925031E-16,1.,0.));
#3626=DIRECTION('',(0.,0.,1.));
#3627=DIRECTION('center_axis',(1.,0.,0.));
#3628=DIRECTION('ref_axis',(0.,0.,-1.));
#3629=DIRECTION('',(2.22044604925031E-16,1.,0.));
#3630=DIRECTION('center_axis',(1.,0.,0.));
#3631=DIRECTION('ref_axis',(0.,0.,-1.));
#3632=DIRECTION('',(0.,0.,-1.));
#3633=DIRECTION('',(0.,-1.,0.));
#3634=DIRECTION('',(0.,1.,0.));
#3635=DIRECTION('center_axis',(0.,0.,1.));
#3636=DIRECTION('ref_axis',(-2.22044604925031E-16,-1.,0.));
#3637=DIRECTION('',(1.,-2.22044604925031E-16,0.));
#3638=DIRECTION('',(2.22044604925031E-16,1.,0.));
#3639=DIRECTION('',(-1.,2.22044604925031E-16,0.));
#3640=DIRECTION('center_axis',(-2.22044604925031E-16,-1.,0.));
#3641=DIRECTION('ref_axis',(1.,-2.22044604925031E-16,0.));
#3642=DIRECTION('',(-1.,2.22044604925031E-16,0.));
#3643=DIRECTION('',(0.,0.,1.));
#3644=DIRECTION('',(1.,-2.22044604925031E-16,0.));
#3645=DIRECTION('',(0.,0.,1.));
#3646=DIRECTION('center_axis',(1.,0.,0.));
#3647=DIRECTION('ref_axis',(0.,0.,-1.));
#3648=DIRECTION('',(0.,0.,1.));
#3649=DIRECTION('',(4.44089209850063E-16,1.,0.));
#3650=DIRECTION('',(0.,0.,-1.));
#3651=DIRECTION('',(0.,-1.,0.));
#3652=DIRECTION('center_axis',(4.44089209850063E-16,1.,0.));
#3653=DIRECTION('ref_axis',(-1.,4.44089209850063E-16,0.));
#3654=DIRECTION('',(1.,-4.44089209850063E-16,0.));
#3655=DIRECTION('',(-1.,4.44089209850063E-16,0.));
#3656=DIRECTION('',(0.,0.,1.));
#3657=DIRECTION('',(0.,0.,1.));
#3658=DIRECTION('center_axis',(0.,1.,0.));
#3659=DIRECTION('ref_axis',(0.,0.,1.));
#3660=DIRECTION('',(-1.,4.44089209850063E-16,0.));
#3661=DIRECTION('',(0.,0.,-1.));
#3662=DIRECTION('',(1.,0.,0.));
#3663=DIRECTION('',(0.,0.,1.));
#3664=DIRECTION('center_axis',(0.,0.,1.));
#3665=DIRECTION('ref_axis',(-1.,4.44089209850063E-16,0.));
#3666=DIRECTION('',(0.,1.,0.));
#3667=DIRECTION('',(0.,-1.,0.));
#3668=DIRECTION('',(4.44089209850063E-16,1.,0.));
#3669=DIRECTION('',(-1.,4.44089209850063E-16,0.));
#3670=DIRECTION('',(-4.44089209850063E-16,-1.,0.));
#3671=DIRECTION('',(1.,-4.44089209850063E-16,0.));
#3672=DIRECTION('',(-1.,0.,0.));
#3673=DIRECTION('center_axis',(1.,0.,0.));
#3674=DIRECTION('ref_axis',(0.,0.,-1.));
#3675=DIRECTION('',(0.,1.,0.));
#3676=DIRECTION('center_axis',(0.,-1.,0.));
#3677=DIRECTION('ref_axis',(0.,0.,-1.));
#3678=DIRECTION('',(1.,-4.44089209850063E-16,0.));
#3679=DIRECTION('',(0.,0.,-1.));
#3680=DIRECTION('center_axis',(0.,-1.,0.));
#3681=DIRECTION('ref_axis',(0.,0.,-1.));
#3682=DIRECTION('',(0.,0.,-1.));
#3683=DIRECTION('',(-1.,0.,0.));
#3684=DIRECTION('',(1.,0.,0.));
#3685=DIRECTION('center_axis',(0.,0.,1.));
#3686=DIRECTION('ref_axis',(-1.,4.44089209850063E-16,0.));
#3687=DIRECTION('',(-4.44089209850063E-16,-1.,0.));
#3688=DIRECTION('',(1.,-4.44089209850063E-16,0.));
#3689=DIRECTION('',(4.44089209850063E-16,1.,0.));
#3690=DIRECTION('center_axis',(-1.,4.44089209850063E-16,0.));
#3691=DIRECTION('ref_axis',(-4.44089209850063E-16,-1.,0.));
#3692=DIRECTION('',(4.44089209850063E-16,1.,0.));
#3693=DIRECTION('',(0.,0.,1.));
#3694=DIRECTION('',(-4.44089209850063E-16,-1.,0.));
#3695=DIRECTION('',(0.,0.,1.));
#3696=DIRECTION('center_axis',(-1.,0.,0.));
#3697=DIRECTION('ref_axis',(0.,0.,1.));
#3698=DIRECTION('',(0.,-1.,0.));
#3699=DIRECTION('center_axis',(-1.,0.,0.));
#3700=DIRECTION('ref_axis',(0.,0.,1.));
#3701=DIRECTION('',(0.,0.,-1.));
#3702=DIRECTION('',(0.,1.,0.));
#3703=DIRECTION('',(0.,0.,1.));
#3704=DIRECTION('',(2.22044604925031E-16,-1.,0.));
#3705=DIRECTION('center_axis',(0.,0.,1.));
#3706=DIRECTION('ref_axis',(-2.22044604925031E-16,1.,0.));
#3707=DIRECTION('',(-1.,0.,0.));
#3708=DIRECTION('',(-1.,-2.22044604925031E-16,0.));
#3709=DIRECTION('',(2.22044604925031E-16,-1.,0.));
#3710=DIRECTION('',(1.,2.22044604925031E-16,0.));
#3711=DIRECTION('',(-2.22044604925031E-16,1.,0.));
#3712=DIRECTION('center_axis',(-2.22044604925031E-16,1.,0.));
#3713=DIRECTION('ref_axis',(-1.,-2.22044604925031E-16,0.));
#3714=DIRECTION('',(1.,2.22044604925031E-16,0.));
#3715=DIRECTION('',(0.,0.,1.));
#3716=DIRECTION('',(0.,0.,1.));
#3717=DIRECTION('center_axis',(-1.,0.,0.));
#3718=DIRECTION('ref_axis',(0.,0.,1.));
#3719=DIRECTION('',(0.,0.,1.));
#3720=DIRECTION('',(2.22044604925031E-16,-1.,0.));
#3721=DIRECTION('',(0.,0.,-1.));
#3722=DIRECTION('',(0.,1.,0.));
#3723=DIRECTION('center_axis',(0.,1.,0.));
#3724=DIRECTION('ref_axis',(-1.,0.,0.));
#3725=DIRECTION('',(-1.,0.,0.));
#3726=DIRECTION('',(1.,0.,0.));
#3727=DIRECTION('',(0.,0.,1.));
#3728=DIRECTION('',(-1.,0.,0.));
#3729=DIRECTION('',(-1.,0.,0.));
#3730=DIRECTION('',(0.,0.,-1.));
#3731=DIRECTION('center_axis',(0.,1.,0.));
#3732=DIRECTION('ref_axis',(0.,0.,1.));
#3733=DIRECTION('',(-1.,0.,0.));
#3734=DIRECTION('',(0.,0.,-1.));
#3735=DIRECTION('',(1.,0.,0.));
#3736=DIRECTION('center_axis',(0.,0.,1.));
#3737=DIRECTION('ref_axis',(-2.22044604925031E-16,1.,0.));
#3738=DIRECTION('',(0.,-1.,0.));
#3739=DIRECTION('',(-1.,0.,0.));
#3740=DIRECTION('',(1.,2.22044604925031E-16,0.));
#3741=DIRECTION('',(-2.22044604925031E-16,1.,0.));
#3742=DIRECTION('',(-1.,-2.22044604925031E-16,0.));
#3743=DIRECTION('',(2.22044604925031E-16,-1.,0.));
#3744=DIRECTION('center_axis',(1.,0.,0.));
#3745=DIRECTION('ref_axis',(0.,0.,-1.));
#3746=DIRECTION('',(0.,1.,0.));
#3747=DIRECTION('',(0.,0.,-1.));
#3748=DIRECTION('center_axis',(0.,-1.,0.));
#3749=DIRECTION('ref_axis',(0.,0.,-1.));
#3750=DIRECTION('',(0.,0.,1.));
#3751=DIRECTION('',(1.,2.22044604925031E-16,0.));
#3752=DIRECTION('center_axis',(1.,2.22044604925031E-16,0.));
#3753=DIRECTION('ref_axis',(-2.22044604925031E-16,1.,0.));
#3754=DIRECTION('',(2.22044604925031E-16,-1.,0.));
#3755=DIRECTION('',(0.,0.,1.));
#3756=DIRECTION('',(0.,0.,1.));
#3757=DIRECTION('center_axis',(0.,-1.,0.));
#3758=DIRECTION('ref_axis',(0.,0.,-1.));
#3759=DIRECTION('',(1.,0.,0.));
#3760=DIRECTION('center_axis',(1.,0.,0.));
#3761=DIRECTION('ref_axis',(0.,1.,0.));
#3762=DIRECTION('',(0.,-1.,0.));
#3763=DIRECTION('',(0.,0.,1.));
#3764=DIRECTION('',(0.,1.,0.));
#3765=DIRECTION('center_axis',(0.,1.,0.));
#3766=DIRECTION('ref_axis',(-1.,0.,0.));
#3767=DIRECTION('',(1.,0.,0.));
#3768=DIRECTION('',(0.,0.,1.));
#3769=DIRECTION('',(-1.,0.,0.));
#3770=DIRECTION('center_axis',(-1.,0.,0.));
#3771=DIRECTION('ref_axis',(0.,-1.,0.));
#3772=DIRECTION('',(0.,1.,0.));
#3773=DIRECTION('',(0.,-1.,0.));
#3774=DIRECTION('',(0.,-1.,0.));
#3775=DIRECTION('',(0.,-1.,0.));
#3776=DIRECTION('center_axis',(0.,0.,1.));
#3777=DIRECTION('ref_axis',(1.,0.,0.));
#3778=DIRECTION('center_axis',(-1.,0.,0.));
#3779=DIRECTION('ref_axis',(0.,0.,1.));
#3780=DIRECTION('center_axis',(0.,0.,1.));
#3781=DIRECTION('ref_axis',(-1.,4.44089209850063E-16,0.));
#3782=DIRECTION('',(0.,-1.,0.));
#3783=DIRECTION('',(-1.,4.44089209850063E-16,0.));
#3784=DIRECTION('',(1.,-4.44089209850063E-16,0.));
#3785=DIRECTION('center_axis',(-4.44089209850063E-16,-1.,0.));
#3786=DIRECTION('ref_axis',(1.,-4.44089209850063E-16,0.));
#3787=DIRECTION('',(0.,0.,-1.));
#3788=DIRECTION('center_axis',(1.,-4.44089209850063E-16,0.));
#3789=DIRECTION('ref_axis',(4.44089209850063E-16,1.,0.));
#3790=DIRECTION('center_axis',(1.,-4.44089209850063E-16,0.));
#3791=DIRECTION('ref_axis',(4.44089209850063E-16,1.,0.));
#3792=DIRECTION('',(-4.44089209850063E-16,-1.,0.));
#3793=DIRECTION('',(-4.44089209850063E-16,-1.,0.));
#3794=DIRECTION('',(0.,0.,1.));
#3795=DIRECTION('center_axis',(4.44089209850063E-16,1.,0.));
#3796=DIRECTION('ref_axis',(-1.,4.44089209850063E-16,0.));
#3797=DIRECTION('',(1.,-4.44089209850063E-16,0.));
#3798=DIRECTION('',(0.,0.,1.));
#3799=DIRECTION('',(1.,-4.44089209850063E-16,0.));
#3800=DIRECTION('center_axis',(-1.,4.44089209850063E-16,0.));
#3801=DIRECTION('ref_axis',(-4.44089209850063E-16,-1.,0.));
#3802=DIRECTION('',(4.44089209850063E-16,1.,0.));
#3803=DIRECTION('',(0.,0.,1.));
#3804=DIRECTION('center_axis',(-4.44089209850063E-16,-1.,0.));
#3805=DIRECTION('ref_axis',(1.,-4.44089209850063E-16,0.));
#3806=DIRECTION('',(-1.,4.44089209850063E-16,0.));
#3807=DIRECTION('center_axis',(0.,0.,1.));
#3808=DIRECTION('ref_axis',(-1.,4.44089209850063E-16,0.));
#3809=DIRECTION('',(-6.66133814775094E-16,-1.,0.));
#3810=DIRECTION('',(-1.,4.44089209850063E-16,0.));
#3811=DIRECTION('',(-4.44089209850063E-16,-1.,0.));
#3812=DIRECTION('',(-1.,6.66133814775094E-16,0.));
#3813=DIRECTION('center_axis',(-4.44089209850063E-16,-1.,0.));
#3814=DIRECTION('ref_axis',(1.,-4.44089209850063E-16,0.));
#3815=DIRECTION('',(0.,0.,-1.));
#3816=DIRECTION('',(0.,0.,-1.));
#3817=DIRECTION('',(-1.,4.44089209850063E-16,0.));
#3818=DIRECTION('center_axis',(1.,-6.66133814775094E-16,0.));
#3819=DIRECTION('ref_axis',(6.66133814775094E-16,1.,0.));
#3820=DIRECTION('',(6.66133814775094E-16,1.,0.));
#3821=DIRECTION('center_axis',(0.,0.,1.));
#3822=DIRECTION('ref_axis',(-1.,4.44089209850063E-16,0.));
#3823=DIRECTION('',(4.44089209850063E-16,1.,0.));
#3824=DIRECTION('center_axis',(0.,0.,1.));
#3825=DIRECTION('ref_axis',(-1.,4.44089209850063E-16,0.));
#3826=DIRECTION('center_axis',(1.,-4.44089209850063E-16,0.));
#3827=DIRECTION('ref_axis',(4.44089209850063E-16,1.,0.));
#3828=DIRECTION('center_axis',(-6.66133814775094E-16,-1.,0.));
#3829=DIRECTION('ref_axis',(0.,0.,1.));
#3830=DIRECTION('',(0.,0.,1.));
#3831=DIRECTION('center_axis',(1.,-4.44089209850063E-16,0.));
#3832=DIRECTION('ref_axis',(4.44089209850063E-16,1.,0.));
#3833=DIRECTION('center_axis',(1.,0.,0.));
#3834=DIRECTION('ref_axis',(0.,1.,0.));
#3835=DIRECTION('',(0.,0.,1.));
#3836=DIRECTION('',(0.,-1.,0.));
#3837=DIRECTION('',(0.,-1.,0.));
#3838=DIRECTION('center_axis',(0.,0.,1.));
#3839=DIRECTION('ref_axis',(1.,0.,0.));
#3840=DIRECTION('',(4.44089209850063E-16,1.,0.));
#3841=DIRECTION('',(1.,-2.22044604925031E-16,0.));
#3842=DIRECTION('',(0.,1.,0.));
#3843=DIRECTION('center_axis',(-1.,0.,0.));
#3844=DIRECTION('ref_axis',(0.,-1.,0.));
#3845=DIRECTION('center_axis',(1.,-2.22044604925031E-16,0.));
#3846=DIRECTION('ref_axis',(2.22044604925031E-16,1.,0.));
#3847=DIRECTION('',(0.,0.,-1.));
#3848=DIRECTION('',(-2.22044604925031E-16,-1.,0.));
#3849=DIRECTION('center_axis',(2.22044604925031E-16,1.,0.));
#3850=DIRECTION('ref_axis',(-1.,2.22044604925031E-16,0.));
#3851=DIRECTION('',(1.,-2.22044604925031E-16,0.));
#3852=DIRECTION('center_axis',(2.22044604925031E-16,1.,0.));
#3853=DIRECTION('ref_axis',(-1.,2.22044604925031E-16,0.));
#3854=DIRECTION('',(1.,-2.22044604925031E-16,0.));
#3855=DIRECTION('',(0.,0.,1.));
#3856=DIRECTION('center_axis',(-1.,2.22044604925031E-16,0.));
#3857=DIRECTION('ref_axis',(-2.22044604925031E-16,-1.,0.));
#3858=DIRECTION('',(2.22044604925031E-16,1.,0.));
#3859=DIRECTION('',(0.,0.,1.));
#3860=DIRECTION('center_axis',(-2.22044604925031E-16,-1.,0.));
#3861=DIRECTION('ref_axis',(1.,-2.22044604925031E-16,0.));
#3862=DIRECTION('',(-1.,2.22044604925031E-16,0.));
#3863=DIRECTION('',(0.,0.,1.));
#3864=DIRECTION('center_axis',(1.,-2.22044604925031E-16,0.));
#3865=DIRECTION('ref_axis',(2.22044604925031E-16,1.,0.));
#3866=DIRECTION('',(-2.22044604925031E-16,-1.,0.));
#3867=DIRECTION('center_axis',(0.,0.,1.));
#3868=DIRECTION('ref_axis',(-2.22044604925031E-16,-1.,0.));
#3869=DIRECTION('center_axis',(2.22044604925031E-16,1.,0.));
#3870=DIRECTION('ref_axis',(-1.,2.22044604925031E-16,0.));
#3871=DIRECTION('',(0.,0.,1.));
#3872=DIRECTION('',(1.,-2.22044604925031E-16,0.));
#3873=DIRECTION('',(-1.,2.22044604925031E-16,0.));
#3874=DIRECTION('center_axis',(0.,0.,1.));
#3875=DIRECTION('ref_axis',(-2.22044604925031E-16,-1.,0.));
#3876=DIRECTION('',(1.,-4.44089209850063E-16,0.));
#3877=DIRECTION('',(-2.22044604925031E-16,-1.,0.));
#3878=DIRECTION('',(-4.44089209850063E-16,-1.,0.));
#3879=DIRECTION('center_axis',(1.,-4.44089209850063E-16,0.));
#3880=DIRECTION('ref_axis',(0.,0.,1.));
#3881=DIRECTION('center_axis',(0.,0.,1.));
#3882=DIRECTION('ref_axis',(-2.22044604925031E-16,-1.,0.));
#3883=DIRECTION('',(1.,0.,0.));
#3884=DIRECTION('',(2.22044604925031E-16,1.,0.));
#3885=DIRECTION('center_axis',(0.,0.,1.));
#3886=DIRECTION('ref_axis',(-2.22044604925031E-16,-1.,0.));
#3887=DIRECTION('center_axis',(1.,-2.22044604925031E-16,0.));
#3888=DIRECTION('ref_axis',(2.22044604925031E-16,1.,0.));
#3889=DIRECTION('',(0.,0.,-1.));
#3890=DIRECTION('',(0.,0.,-1.));
#3891=DIRECTION('center_axis',(4.44089209850063E-16,1.,0.));
#3892=DIRECTION('ref_axis',(-1.,4.44089209850063E-16,0.));
#3893=DIRECTION('center_axis',(0.,1.,0.));
#3894=DIRECTION('ref_axis',(-1.,0.,0.));
#3895=DIRECTION('',(0.,0.,1.));
#3896=DIRECTION('',(1.,0.,0.));
#3897=DIRECTION('center_axis',(0.,0.,1.));
#3898=DIRECTION('ref_axis',(1.,0.,0.));
#3899=DIRECTION('',(1.,0.,0.));
#3900=DIRECTION('',(0.,-1.,0.));
#3901=DIRECTION('',(-2.22044604925031E-16,1.,0.));
#3902=DIRECTION('',(1.,2.22044604925031E-16,0.));
#3903=DIRECTION('',(2.22044604925031E-16,-1.,0.));
#3904=DIRECTION('',(-1.,-2.22044604925031E-16,0.));
#3905=DIRECTION('center_axis',(0.,0.,1.));
#3906=DIRECTION('ref_axis',(1.,0.,0.));
#3907=DIRECTION('',(0.,-1.,0.));
#3908=DIRECTION('',(0.,1.,0.));
#3909=DIRECTION('center_axis',(0.,1.,0.));
#3910=DIRECTION('ref_axis',(-1.,0.,0.));
#3911=DIRECTION('',(0.,0.,-1.));
#3912=DIRECTION('center_axis',(-1.,0.,0.));
#3913=DIRECTION('ref_axis',(0.,-1.,0.));
#3914=DIRECTION('center_axis',(-1.,0.,0.));
#3915=DIRECTION('ref_axis',(0.,-1.,0.));
#3916=DIRECTION('',(0.,1.,0.));
#3917=DIRECTION('',(0.,0.,1.));
#3918=DIRECTION('center_axis',(0.,-1.,0.));
#3919=DIRECTION('ref_axis',(1.,0.,0.));
#3920=DIRECTION('',(-1.,0.,0.));
#3921=DIRECTION('',(0.,0.,1.));
#3922=DIRECTION('center_axis',(1.,0.,0.));
#3923=DIRECTION('ref_axis',(0.,1.,0.));
#3924=DIRECTION('',(0.,0.,1.));
#3925=DIRECTION('',(0.,-1.,0.));
#3926=DIRECTION('center_axis',(0.,1.,0.));
#3927=DIRECTION('ref_axis',(-1.,0.,0.));
#3928=DIRECTION('center_axis',(-1.,0.,0.));
#3929=DIRECTION('ref_axis',(0.,-1.,0.));
#3930=DIRECTION('',(0.,1.,0.));
#3931=DIRECTION('center_axis',(0.,0.,1.));
#3932=DIRECTION('ref_axis',(1.,0.,0.));
#3933=DIRECTION('',(1.,0.,0.));
#3934=DIRECTION('center_axis',(0.,1.,0.));
#3935=DIRECTION('ref_axis',(-1.,0.,0.));
#3936=DIRECTION('',(0.,0.,-1.));
#3937=DIRECTION('center_axis',(0.,0.,1.));
#3938=DIRECTION('ref_axis',(1.,0.,0.));
#3939=DIRECTION('center_axis',(-1.,0.,0.));
#3940=DIRECTION('ref_axis',(0.,-1.,0.));
#3941=DIRECTION('',(0.,1.,0.));
#3942=DIRECTION('',(0.,0.,1.));
#3943=DIRECTION('center_axis',(-1.,-2.22044604925031E-16,0.));
#3944=DIRECTION('ref_axis',(2.22044604925031E-16,-1.,0.));
#3945=DIRECTION('',(0.,0.,1.));
#3946=DIRECTION('center_axis',(2.22044604925031E-16,-1.,0.));
#3947=DIRECTION('ref_axis',(1.,2.22044604925031E-16,0.));
#3948=DIRECTION('center_axis',(2.22044604925031E-16,-1.,0.));
#3949=DIRECTION('ref_axis',(1.,2.22044604925031E-16,0.));
#3950=DIRECTION('',(0.,0.,1.));
#3951=DIRECTION('center_axis',(1.,2.22044604925031E-16,0.));
#3952=DIRECTION('ref_axis',(-2.22044604925031E-16,1.,0.));
#3953=DIRECTION('',(0.,0.,1.));
#3954=DIRECTION('center_axis',(-2.22044604925031E-16,1.,0.));
#3955=DIRECTION('ref_axis',(-1.,-2.22044604925031E-16,0.));
#3956=DIRECTION('',(0.,0.,1.));
#3957=DIRECTION('center_axis',(-1.,-2.22044604925031E-16,0.));
#3958=DIRECTION('ref_axis',(2.22044604925031E-16,-1.,0.));
#3959=DIRECTION('center_axis',(2.22044604925031E-16,-1.,0.));
#3960=DIRECTION('ref_axis',(1.,2.22044604925031E-16,0.));
#3961=DIRECTION('',(-1.,-2.22044604925031E-16,0.));
#3962=DIRECTION('center_axis',(0.,0.,1.));
#3963=DIRECTION('ref_axis',(-2.22044604925031E-16,1.,0.));
#3964=DIRECTION('',(-2.22044604925031E-16,1.,0.));
#3965=DIRECTION('center_axis',(-1.,-2.22044604925031E-16,0.));
#3966=DIRECTION('ref_axis',(2.22044604925031E-16,-1.,0.));
#3967=DIRECTION('center_axis',(1.,2.22044604925031E-16,0.));
#3968=DIRECTION('ref_axis',(-2.22044604925031E-16,1.,0.));
#3969=DIRECTION('',(0.,0.,1.));
#3970=DIRECTION('',(2.22044604925031E-16,-1.,0.));
#3971=DIRECTION('',(0.,0.,1.));
#3972=DIRECTION('',(-2.22044604925031E-16,1.,0.));
#3973=DIRECTION('center_axis',(0.,0.,1.));
#3974=DIRECTION('ref_axis',(-2.22044604925031E-16,1.,0.));
#3975=DIRECTION('',(1.,0.,0.));
#3976=DIRECTION('',(-1.,-2.22044604925031E-16,0.));
#3977=DIRECTION('',(0.,-1.,0.));
#3978=DIRECTION('',(1.,0.,0.));
#3979=DIRECTION('',(0.,-1.,0.));
#3980=DIRECTION('center_axis',(-2.22044604925031E-16,1.,0.));
#3981=DIRECTION('ref_axis',(-1.,-2.22044604925031E-16,0.));
#3982=DIRECTION('',(0.,0.,-1.));
#3983=DIRECTION('',(1.,2.22044604925031E-16,0.));
#3984=DIRECTION('center_axis',(1.,0.,0.));
#3985=DIRECTION('ref_axis',(0.,0.,-1.));
#3986=DIRECTION('',(0.,-1.,0.));
#3987=DIRECTION('',(0.,0.,-1.));
#3988=DIRECTION('center_axis',(0.,1.,0.));
#3989=DIRECTION('ref_axis',(0.,0.,1.));
#3990=DIRECTION('',(0.,0.,1.));
#3991=DIRECTION('',(1.,0.,0.));
#3992=DIRECTION('center_axis',(0.,0.,1.));
#3993=DIRECTION('ref_axis',(1.,0.,0.));
#3994=DIRECTION('',(0.,-1.,0.));
#3995=DIRECTION('',(1.,0.,0.));
#3996=DIRECTION('center_axis',(0.,-1.,0.));
#3997=DIRECTION('ref_axis',(1.,0.,0.));
#3998=DIRECTION('',(0.,0.,1.));
#3999=DIRECTION('center_axis',(-1.,0.,0.));
#4000=DIRECTION('ref_axis',(0.,-1.,0.));
#4001=DIRECTION('center_axis',(0.,1.,0.));
#4002=DIRECTION('ref_axis',(-1.,0.,0.));
#4003=DIRECTION('',(0.,0.,1.));
#4004=DIRECTION('',(-1.,0.,0.));
#4005=DIRECTION('',(0.,0.,1.));
#4006=DIRECTION('',(-1.,0.,0.));
#4007=DIRECTION('center_axis',(-1.,0.,0.));
#4008=DIRECTION('ref_axis',(0.,-1.,0.));
#4009=DIRECTION('',(0.,0.,-1.));
#4010=DIRECTION('',(0.,-1.,0.));
#4011=DIRECTION('',(0.,-1.,0.));
#4012=DIRECTION('center_axis',(0.,-1.,0.));
#4013=DIRECTION('ref_axis',(0.,0.,-1.));
#4014=DIRECTION('',(0.,0.,-1.));
#4015=DIRECTION('',(-1.,0.,0.));
#4016=DIRECTION('',(-1.,0.,0.));
#4017=DIRECTION('center_axis',(0.,0.,1.));
#4018=DIRECTION('ref_axis',(1.,0.,0.));
#4019=DIRECTION('',(0.,-1.,0.));
#4020=DIRECTION('center_axis',(1.,0.,0.));
#4021=DIRECTION('ref_axis',(0.,1.,0.));
#4022=DIRECTION('',(0.,1.,0.));
#4023=DIRECTION('center_axis',(0.,0.,1.));
#4024=DIRECTION('ref_axis',(1.,0.,0.));
#4025=DIRECTION('center_axis',(0.,-1.,0.));
#4026=DIRECTION('ref_axis',(1.,0.,0.));
#4027=DIRECTION('',(0.,0.,1.));
#4028=DIRECTION('',(1.,0.,0.));
#4029=DIRECTION('',(0.,0.,1.));
#4030=DIRECTION('',(1.,0.,0.));
#4031=DIRECTION('center_axis',(0.,0.,1.));
#4032=DIRECTION('ref_axis',(1.,0.,0.));
#4033=DIRECTION('',(1.,-4.44089209850063E-16,0.));
#4034=DIRECTION('',(0.,1.,0.));
#4035=DIRECTION('',(0.,1.,0.));
#4036=DIRECTION('center_axis',(1.,0.,0.));
#4037=DIRECTION('ref_axis',(0.,1.,0.));
#4038=DIRECTION('',(0.,0.,-1.));
#4039=DIRECTION('',(0.,1.,0.));
#4040=DIRECTION('center_axis',(-1.,0.,0.));
#4041=DIRECTION('ref_axis',(0.,0.,1.));
#4042=DIRECTION('',(0.,0.,1.));
#4043=DIRECTION('',(0.,1.,0.));
#4044=DIRECTION('center_axis',(4.44089209850063E-16,1.,0.));
#4045=DIRECTION('ref_axis',(-1.,4.44089209850063E-16,0.));
#4046=DIRECTION('',(-1.,4.44089209850063E-16,0.));
#4047=DIRECTION('center_axis',(0.,0.,1.));
#4048=DIRECTION('ref_axis',(-1.,4.44089209850063E-16,0.));
#4049=CARTESIAN_POINT('',(0.,0.,0.));
#4050=CARTESIAN_POINT('Origin',(-85.9488921480572,-139.264537343253,10.));
#4051=CARTESIAN_POINT('',(-93.9488921480572,-135.764537343253,10.));
#4052=CARTESIAN_POINT('',(-77.9488921480572,-135.764537343253,10.));
#4053=CARTESIAN_POINT('',(-70.9488921480572,-135.764537343253,10.));
#4054=CARTESIAN_POINT('',(-77.9488921480572,-146.764537343253,10.));
#4055=CARTESIAN_POINT('',(-77.9488921480572,-135.514537343253,10.));
#4056=CARTESIAN_POINT('',(-93.9488921480572,-146.764537343253,10.));
#4057=CARTESIAN_POINT('',(-108.448892148057,-146.764537343253,10.));
#4058=CARTESIAN_POINT('',(-93.9488921480572,-143.014537343253,10.));
#4059=CARTESIAN_POINT('Origin',(-77.9488921480572,-131.764537343253,0.));
#4060=CARTESIAN_POINT('',(-77.9488921480572,-135.764537343253,2.5));
#4061=CARTESIAN_POINT('',(-77.9488921480572,-135.764537343253,5.));
#4062=CARTESIAN_POINT('',(-77.9488921480572,-146.764537343253,2.5));
#4063=CARTESIAN_POINT('',(-77.9488921480572,-135.514537343253,2.5));
#4064=CARTESIAN_POINT('',(-77.9488921480572,-146.764537343253,2.75));
#4065=CARTESIAN_POINT('Origin',(-85.9488921480572,-109.264537343253,2.5));
#4066=CARTESIAN_POINT('',(-115.949000357628,-135.764537343253,2.5));
#4067=CARTESIAN_POINT('',(-115.949000357628,-131.765000879169,2.5));
#4068=CARTESIAN_POINT('',(-115.949000357628,-120.514769111211,2.5));
#4069=CARTESIAN_POINT('',(-93.9488921480572,-135.764537343253,2.5));
#4070=CARTESIAN_POINT('',(-115.948892148057,-135.764537343253,2.5));
#4071=CARTESIAN_POINT('',(-93.9488921480572,-146.764537343253,2.5));
#4072=CARTESIAN_POINT('',(-93.9488921480572,-143.014537343253,2.5));
#4073=CARTESIAN_POINT('',(-108.448892148057,-146.764537343253,2.5));
#4074=CARTESIAN_POINT('',(-55.9490001341105,-135.764537343253,2.5));
#4075=CARTESIAN_POINT('',(-88.9488921480572,-135.764537343253,2.5));
#4076=CARTESIAN_POINT('',(-55.9490001341105,-131.765000655651,2.5));
#4077=CARTESIAN_POINT('',(-55.9490001341105,-122.514537343253,2.5));
#4078=CARTESIAN_POINT('',(-51.9488921480572,-131.765000655651,2.5));
#4079=CARTESIAN_POINT('',(-70.9489461410838,-131.765000655651,2.5));
#4080=CARTESIAN_POINT('',(-51.9488921480572,-71.7650004321337,2.5));
#4081=CARTESIAN_POINT('',(-51.9488921480572,-90.5145373432528,2.5));
#4082=CARTESIAN_POINT('',(-55.9490003576279,-71.7650004321337,2.5));
#4083=CARTESIAN_POINT('',(-68.9488921480572,-71.7650004321337,2.5));
#4084=CARTESIAN_POINT('',(-55.9490003576279,-67.7645373432528,2.5));
#4085=CARTESIAN_POINT('',(-55.9490003576279,-90.5147688876933,2.5));
#4086=CARTESIAN_POINT('',(-115.949000357628,-67.7645373432528,2.5));
#4087=CARTESIAN_POINT('',(-115.948892148057,-67.7645373432528,2.5));
#4088=CARTESIAN_POINT('',(-115.949000357628,-71.7650008791688,2.5));
#4089=CARTESIAN_POINT('',(-115.949000357628,-88.5145373432528,2.5));
#4090=CARTESIAN_POINT('',(-119.948892148057,-71.7650008791688,2.5));
#4091=CARTESIAN_POINT('',(-100.948946252842,-71.7650008791688,2.5));
#4092=CARTESIAN_POINT('',(-119.948892148057,-131.765000879169,2.5));
#4093=CARTESIAN_POINT('',(-119.948892148057,-131.764537343253,2.5));
#4094=CARTESIAN_POINT('',(-102.948892148057,-131.765000879169,2.5));
#4095=CARTESIAN_POINT('Origin',(-130.948892148057,-146.764537343253,0.));
#4096=CARTESIAN_POINT('',(-130.948892148057,-146.764537343253,15.));
#4097=CARTESIAN_POINT('',(-115.949000357628,-146.764537343253,15.));
#4098=CARTESIAN_POINT('',(-40.9488921480572,-146.764537343253,15.));
#4099=CARTESIAN_POINT('',(-130.948892148057,-146.764537343253,0.));
#4100=CARTESIAN_POINT('',(-130.948892148057,-146.764537343253,0.));
#4101=CARTESIAN_POINT('',(-40.9488921480572,-146.764537343253,0.));
#4102=CARTESIAN_POINT('',(-40.9488921480572,-146.764537343253,0.));
#4103=CARTESIAN_POINT('',(-40.9488921480572,-146.764537343253,15.));
#4104=CARTESIAN_POINT('',(-40.9488921480572,-146.764537343253,0.));
#4105=CARTESIAN_POINT('',(-40.9490001341105,-146.764537343253,15.));
#4106=CARTESIAN_POINT('',(-40.9488921480572,-146.764537343253,15.));
#4107=CARTESIAN_POINT('',(-55.9490001341105,-146.764537343253,15.));
#4108=CARTESIAN_POINT('',(-40.9488921480572,-146.764537343253,15.));
#4109=CARTESIAN_POINT('',(-40.9488921480572,-146.764537343253,15.));
#4110=CARTESIAN_POINT('',(-93.9488921480572,-146.764537343253,2.75));
#4111=CARTESIAN_POINT('Origin',(-55.9488921480572,-135.764537343253,0.));
#4112=CARTESIAN_POINT('',(-115.949000357628,-135.764537343253,15.));
#4113=CARTESIAN_POINT('',(-115.949000357628,-135.764537343253,7.5));
#4114=CARTESIAN_POINT('',(-55.9490001341105,-135.764537343253,15.));
#4115=CARTESIAN_POINT('',(-70.9488921480572,-135.764537343253,15.));
#4116=CARTESIAN_POINT('',(-55.9490001341105,-135.764537343253,7.5));
#4117=CARTESIAN_POINT('',(-93.9488921480572,-135.764537343253,0.));
#4118=CARTESIAN_POINT('Origin',(-119.948892148057,-131.764537343253,0.));
#4119=CARTESIAN_POINT('',(-119.948892148057,-131.765000879169,15.));
#4120=CARTESIAN_POINT('',(-119.948892148057,-131.765000879169,7.5));
#4121=CARTESIAN_POINT('',(-119.948892148057,-71.7650008791688,15.));
#4122=CARTESIAN_POINT('',(-119.948892148057,-71.7650008791688,7.5));
#4123=CARTESIAN_POINT('',(-119.948892148057,-116.764537343253,15.));
#4124=CARTESIAN_POINT('Origin',(-115.948892148057,-67.7645373432528,0.));
#4125=CARTESIAN_POINT('',(-115.949000357628,-67.7645373432528,15.));
#4126=CARTESIAN_POINT('',(-115.949000357628,-67.7645373432528,7.5));
#4127=CARTESIAN_POINT('',(-55.9490003576279,-67.7645373432528,15.));
#4128=CARTESIAN_POINT('',(-55.9490003576279,-67.7645373432528,7.5));
#4129=CARTESIAN_POINT('',(-100.948892148057,-67.7645373432528,15.));
#4130=CARTESIAN_POINT('Origin',(-51.9488921480572,-71.7645373432528,0.));
#4131=CARTESIAN_POINT('',(-51.9488921480572,-71.7650004321337,15.));
#4132=CARTESIAN_POINT('',(-51.9488921480572,-71.7650004321337,7.5));
#4133=CARTESIAN_POINT('',(-51.9488921480572,-131.765000655651,15.));
#4134=CARTESIAN_POINT('',(-51.9488921480572,-131.765000655651,7.5));
#4135=CARTESIAN_POINT('',(-51.9488921480572,-116.764537343253,15.));
#4136=CARTESIAN_POINT('Origin',(-85.9488921480572,-101.764537343253,15.));
#4137=CARTESIAN_POINT('',(-49.4490001341105,-131.765000655651,15.));
#4138=CARTESIAN_POINT('',(-67.6989461410838,-131.765000655651,15.));
#4139=CARTESIAN_POINT('',(-49.4490001341105,-135.515000655651,15.));
#4140=CARTESIAN_POINT('',(-49.4490001341105,-118.639768999452,15.));
#4141=CARTESIAN_POINT('',(-49.4488921480572,-135.515000655651,15.));
#4142=CARTESIAN_POINT('',(-65.3239461410838,-135.515000655651,15.));
#4143=CARTESIAN_POINT('',(-49.4488921480572,-68.0150004321337,15.));
#4144=CARTESIAN_POINT('',(-49.4488921480572,-68.0145373432528,15.));
#4145=CARTESIAN_POINT('',(-49.4490003576279,-68.0150004321337,15.));
#4146=CARTESIAN_POINT('',(-69.0739462528425,-68.0150004321337,15.));
#4147=CARTESIAN_POINT('',(-49.4490003576279,-71.7650006556511,15.));
#4148=CARTESIAN_POINT('',(-49.4490003576279,-86.764768999452,15.));
#4149=CARTESIAN_POINT('',(-70.9489462528425,-71.7650004321337,15.));
#4150=CARTESIAN_POINT('Origin',(-85.9488921480572,-101.764537343253,15.));
#4151=CARTESIAN_POINT('',(-115.949000357628,-138.264537343253,15.));
#4152=CARTESIAN_POINT('',(-115.949000357628,-120.014769111211,15.));
#4153=CARTESIAN_POINT('',(-55.9490001341105,-138.264537343253,15.));
#4154=CARTESIAN_POINT('',(-52.1988921480572,-138.264537343253,15.));
#4155=CARTESIAN_POINT('',(-55.9490001341105,-116.764768999452,15.));
#4156=CARTESIAN_POINT('Origin',(-85.9488921480572,-101.764537343253,15.));
#4157=CARTESIAN_POINT('',(-122.448892148057,-71.7650008791688,15.));
#4158=CARTESIAN_POINT('',(-104.198946252842,-71.7650008791688,15.));
#4159=CARTESIAN_POINT('',(-122.448892148057,-131.765000879169,15.));
#4160=CARTESIAN_POINT('',(-122.448892148057,-135.514537343253,15.));
#4161=CARTESIAN_POINT('',(-100.948946252842,-131.765000879169,15.));
#4162=CARTESIAN_POINT('Origin',(-85.9488921480572,-101.764537343253,15.));
#4163=CARTESIAN_POINT('',(-55.9490003576279,-65.2650004321337,15.));
#4164=CARTESIAN_POINT('',(-55.9490003576279,-83.5147688876933,15.));
#4165=CARTESIAN_POINT('',(-52.1990003576279,-65.2650004321337,15.));
#4166=CARTESIAN_POINT('',(-69.0739462528425,-65.2650004321337,15.));
#4167=CARTESIAN_POINT('',(-52.1990003576279,-65.2645373432528,15.));
#4168=CARTESIAN_POINT('',(-52.1990003576279,-81.1397688876933,15.));
#4169=CARTESIAN_POINT('',(-119.889463446509,-65.2645373432528,15.));
#4170=CARTESIAN_POINT('',(-119.698892148057,-65.2645373432528,15.));
#4171=CARTESIAN_POINT('',(-119.889463446509,-65.2648926695981,15.));
#4172=CARTESIAN_POINT('',(-119.889463446509,-82.5147150064254,15.));
#4173=CARTESIAN_POINT('',(-119.699000357628,-65.2648926695981,15.));
#4174=CARTESIAN_POINT('',(-102.819177797283,-65.2648926695981,15.));
#4175=CARTESIAN_POINT('',(-119.699000357628,-65.2650008791687,15.));
#4176=CARTESIAN_POINT('',(-119.699000357628,-84.8897691112108,15.));
#4177=CARTESIAN_POINT('',(-115.94900013411,-65.2650008791687,15.));
#4178=CARTESIAN_POINT('',(-100.948946141084,-65.2650008791687,15.));
#4179=CARTESIAN_POINT('',(-115.949000357628,-86.7647691112108,15.));
#4180=CARTESIAN_POINT('Origin',(-119.899108567199,-138.265463968049,0.));
#4181=CARTESIAN_POINT('',(-119.899108567199,-138.265463968049,13.));
#4182=CARTESIAN_POINT('',(-119.899108567199,-140.264537343253,13.));
#4183=CARTESIAN_POINT('',(-119.899108567199,-138.765000655651,13.));
#4184=CARTESIAN_POINT('',(-119.899108567199,-138.265463968049,82.5));
#4185=CARTESIAN_POINT('',(-119.899108567199,-138.265463968049,0.));
#4186=CARTESIAN_POINT('',(-119.899108567199,-140.265463968049,82.5));
#4187=CARTESIAN_POINT('',(-119.899108567199,-138.765232423609,82.5));
#4188=CARTESIAN_POINT('',(-119.899108567199,-140.265463968049,15.));
#4189=CARTESIAN_POINT('',(-119.899108567199,-140.265463968049,0.));
#4190=CARTESIAN_POINT('',(-119.899108567199,-140.264537343253,15.));
#4191=CARTESIAN_POINT('',(-119.899108567199,-120.015000655651,15.));
#4192=CARTESIAN_POINT('',(-119.899108567199,-140.264537343253,6.5));
#4193=CARTESIAN_POINT('Origin',(-119.699108567199,-140.265463968049,0.));
#4194=CARTESIAN_POINT('',(-119.499000357628,-140.265463968049,82.5));
#4195=CARTESIAN_POINT('',(-119.699054462413,-140.265463968049,82.5));
#4196=CARTESIAN_POINT('',(-119.499000357628,-140.265463968049,90.));
#4197=CARTESIAN_POINT('',(-119.499000357628,-140.265463968049,41.25));
#4198=CARTESIAN_POINT('',(-115.949000357628,-140.265463968049,90.));
#4199=CARTESIAN_POINT('',(-121.574054462413,-140.265463968049,90.));
#4200=CARTESIAN_POINT('',(-115.949000357628,-140.265463968049,15.));
#4201=CARTESIAN_POINT('',(-115.949000357628,-140.265463968049,7.5));
#4202=CARTESIAN_POINT('',(-102.824000357628,-140.265463968049,15.));
#4203=CARTESIAN_POINT('Origin',(-124.449108567199,-135.705463968049,0.));
#4204=CARTESIAN_POINT('',(-124.449108567199,-135.705463968049,15.));
#4205=CARTESIAN_POINT('',(-124.448892148057,-135.705463968049,15.));
#4206=CARTESIAN_POINT('',(-105.199000357628,-135.705463968049,15.));
#4207=CARTESIAN_POINT('',(-124.449108567199,-135.705463968049,82.5));
#4208=CARTESIAN_POINT('',(-124.449108567199,-135.705463968049,0.));
#4209=CARTESIAN_POINT('',(-122.449108567199,-135.705463968049,82.5));
#4210=CARTESIAN_POINT('',(-123.949054462413,-135.705463968049,82.5));
#4211=CARTESIAN_POINT('',(-122.449108567199,-135.705463968049,13.));
#4212=CARTESIAN_POINT('',(-122.449108567199,-135.705463968049,3.75));
#4213=CARTESIAN_POINT('',(-124.448892148057,-135.705463968049,13.));
#4214=CARTESIAN_POINT('',(-123.949000357628,-135.705463968049,13.));
#4215=CARTESIAN_POINT('',(-124.448892148057,-135.705463968049,6.5));
#4216=CARTESIAN_POINT('Origin',(-124.449108567199,-68.0154639680495,0.));
#4217=CARTESIAN_POINT('',(-124.449108567199,-131.765000879169,15.));
#4218=CARTESIAN_POINT('',(-124.449108567199,-84.8900006556512,15.));
#4219=CARTESIAN_POINT('',(-124.449108567199,-131.765000879169,90.));
#4220=CARTESIAN_POINT('',(-124.449108567199,-131.765000879169,7.5));
#4221=CARTESIAN_POINT('',(-124.449108567199,-135.315000879169,90.));
#4222=CARTESIAN_POINT('',(-124.449108567199,-103.64023236773,90.));
#4223=CARTESIAN_POINT('',(-124.449108567199,-135.315000879169,82.5));
#4224=CARTESIAN_POINT('',(-124.449108567199,-135.315000879169,41.25));
#4225=CARTESIAN_POINT('',(-124.449108567199,-101.765232423609,82.5));
#4226=CARTESIAN_POINT('Origin',(-85.9488921480572,-139.264537343253,13.));
#4227=CARTESIAN_POINT('',(-52.0085370452296,-140.264537343253,13.));
#4228=CARTESIAN_POINT('',(-119.698892148057,-140.264537343253,13.));
#4229=CARTESIAN_POINT('',(-52.0085370452296,-138.265108865222,13.));
#4230=CARTESIAN_POINT('',(-52.0085370452296,-139.764823104237,13.));
#4231=CARTESIAN_POINT('',(-52.1990001341105,-138.265108865222,13.));
#4232=CARTESIAN_POINT('',(-69.0787145966434,-138.265108865222,13.));
#4233=CARTESIAN_POINT('',(-52.1990001341105,-138.264537343253,13.));
#4234=CARTESIAN_POINT('',(-52.1990001341105,-137.389768999452,13.));
#4235=CARTESIAN_POINT('',(-119.699000357628,-138.264537343253,13.));
#4236=CARTESIAN_POINT('',(-52.1988921480572,-138.264537343253,13.));
#4237=CARTESIAN_POINT('',(-119.699000357628,-138.265463968049,13.));
#4238=CARTESIAN_POINT('',(-119.699000357628,-141.139769111211,13.));
#4239=CARTESIAN_POINT('',(-69.0740003576279,-138.265463968049,13.));
#4240=CARTESIAN_POINT('Origin',(-119.698892148057,-140.264537343253,13.));
#4241=CARTESIAN_POINT('',(-52.0085370452296,-140.264537343253,15.));
#4242=CARTESIAN_POINT('',(-119.698892148057,-140.264537343253,15.));
#4243=CARTESIAN_POINT('',(-52.0085370452296,-140.264537343253,6.5));
#4244=CARTESIAN_POINT('Origin',(-85.9488921480572,-101.764537343253,15.));
#4245=CARTESIAN_POINT('',(-115.949000357628,-124.264769111211,15.));
#4246=CARTESIAN_POINT('',(-55.9490001341105,-140.265108865222,15.));
#4247=CARTESIAN_POINT('',(-55.9490001341105,-121.014768999452,15.));
#4248=CARTESIAN_POINT('',(-52.0085370452296,-140.265108865222,15.));
#4249=CARTESIAN_POINT('',(-102.823714596643,-140.265108865222,15.));
#4250=CARTESIAN_POINT('',(-52.0085370452296,-121.014823104237,15.));
#4251=CARTESIAN_POINT('Origin',(-119.889463446509,-63.2648926695981,0.));
#4252=CARTESIAN_POINT('',(-119.889463446509,-65.2645373432528,13.));
#4253=CARTESIAN_POINT('',(-119.889463446509,-65.2645373432528,6.5));
#4254=CARTESIAN_POINT('',(-119.889463446509,-63.2648926695981,13.));
#4255=CARTESIAN_POINT('',(-119.889463446509,-63.7647150064254,13.));
#4256=CARTESIAN_POINT('',(-119.889463446509,-63.2648926695981,82.5));
#4257=CARTESIAN_POINT('',(-119.889463446509,-63.264892669598,0.));
#4258=CARTESIAN_POINT('',(-119.889463446509,-65.2648926695981,82.5));
#4259=CARTESIAN_POINT('',(-119.889463446509,-63.7649467743834,82.5));
#4260=CARTESIAN_POINT('',(-119.889463446509,-65.2648926695981,3.75));
#4261=CARTESIAN_POINT('Origin',(-52.1994634465086,-63.2648926695981,0.));
#4262=CARTESIAN_POINT('',(-119.699000357628,-63.264892669598,13.));
#4263=CARTESIAN_POINT('',(-69.0741777972829,-63.2648926695981,13.));
#4264=CARTESIAN_POINT('',(-119.699000357628,-63.264892669598,15.));
#4265=CARTESIAN_POINT('',(-119.699000357628,-63.264892669598,3.75));
#4266=CARTESIAN_POINT('',(-115.949000357628,-63.264892669598,15.));
#4267=CARTESIAN_POINT('',(-87.8242318461889,-63.2648926695981,15.));
#4268=CARTESIAN_POINT('',(-115.949000357628,-63.264892669598,90.));
#4269=CARTESIAN_POINT('',(-115.949000357628,-63.264892669598,7.5));
#4270=CARTESIAN_POINT('',(-119.499000357628,-63.264892669598,90.));
#4271=CARTESIAN_POINT('',(-87.8242318461889,-63.2648926695981,90.));
#4272=CARTESIAN_POINT('',(-119.499000357628,-63.264892669598,82.5));
#4273=CARTESIAN_POINT('',(-119.499000357628,-63.264892669598,41.25));
#4274=CARTESIAN_POINT('',(-85.9492319020682,-63.264892669598,82.5));
#4275=CARTESIAN_POINT('Origin',(-85.9488921480572,-64.2645373432528,13.));
#4276=CARTESIAN_POINT('',(-51.9988921480572,-65.2645373432528,13.));
#4277=CARTESIAN_POINT('',(-119.698892148057,-65.2645373432528,13.));
#4278=CARTESIAN_POINT('',(-51.9988921480572,-63.2645373432528,13.));
#4279=CARTESIAN_POINT('',(-51.9988921480572,-64.7645373432528,13.));
#4280=CARTESIAN_POINT('',(-119.699000357628,-63.2645373432528,13.));
#4281=CARTESIAN_POINT('',(-52.1988921480572,-63.2645373432528,13.));
#4282=CARTESIAN_POINT('',(-119.699000357628,-66.1397691112108,13.));
#4283=CARTESIAN_POINT('Origin',(-122.449463446509,-67.8148926695981,0.));
#4284=CARTESIAN_POINT('',(-122.449463446509,-67.8148926695981,13.));
#4285=CARTESIAN_POINT('',(-124.448892148057,-67.8148926695981,13.));
#4286=CARTESIAN_POINT('',(-122.949177797283,-67.8148926695981,13.));
#4287=CARTESIAN_POINT('',(-122.449463446509,-67.8148926695981,82.5));
#4288=CARTESIAN_POINT('',(-122.449463446509,-67.8148926695981,0.));
#4289=CARTESIAN_POINT('',(-124.449463446509,-67.8148926695981,82.5));
#4290=CARTESIAN_POINT('',(-122.949231902068,-67.8148926695981,82.5));
#4291=CARTESIAN_POINT('',(-124.449463446509,-67.8148926695981,15.));
#4292=CARTESIAN_POINT('',(-124.449463446509,-67.8148926695981,0.));
#4293=CARTESIAN_POINT('',(-124.448892148057,-67.8148926695981,15.));
#4294=CARTESIAN_POINT('',(-104.199177797283,-67.8148926695981,15.));
#4295=CARTESIAN_POINT('',(-124.448892148057,-67.8148926695981,6.5));
#4296=CARTESIAN_POINT('Origin',(-85.9488921480572,-101.764537343253,15.));
#4297=CARTESIAN_POINT('',(-124.448892148057,-68.0145373432528,15.));
#4298=CARTESIAN_POINT('',(-124.449463446509,-71.7650008791688,15.));
#4299=CARTESIAN_POINT('',(-124.449463446509,-84.8897150064254,15.));
#4300=CARTESIAN_POINT('',(-130.948892148057,-71.7650008791688,15.));
#4301=CARTESIAN_POINT('',(-108.448946252842,-71.7650008791688,15.));
#4302=CARTESIAN_POINT('',(-130.948892148057,-131.765000879169,15.));
#4303=CARTESIAN_POINT('',(-130.948892148057,-146.764537343253,15.));
#4304=CARTESIAN_POINT('',(-105.198946252843,-131.765000879169,15.));
#4305=CARTESIAN_POINT('Origin',(-124.449463446509,-68.0148926695981,0.));
#4306=CARTESIAN_POINT('',(-124.449463446509,-68.2150008791688,82.5));
#4307=CARTESIAN_POINT('',(-124.449463446509,-68.0149467743834,82.5));
#4308=CARTESIAN_POINT('',(-124.449463446509,-68.2150008791688,90.));
#4309=CARTESIAN_POINT('',(-124.449463446509,-68.2150008791688,41.25));
#4310=CARTESIAN_POINT('',(-124.449463446509,-71.7650008791688,90.));
#4311=CARTESIAN_POINT('',(-124.449463446509,-66.1399467743834,90.));
#4312=CARTESIAN_POINT('',(-124.449463446509,-71.7650008791688,7.5));
#4313=CARTESIAN_POINT('Origin',(-47.4488921480572,-67.8245373432528,0.));
#4314=CARTESIAN_POINT('',(-47.4488921480572,-67.8245373432528,13.));
#4315=CARTESIAN_POINT('',(-49.4488921480572,-67.8245373432528,13.));
#4316=CARTESIAN_POINT('',(-47.9488921480572,-67.8245373432529,13.));
#4317=CARTESIAN_POINT('',(-47.4488921480572,-67.8245373432528,82.5));
#4318=CARTESIAN_POINT('',(-47.4488921480572,-67.8245373432529,6.5));
#4319=CARTESIAN_POINT('',(-49.4488921480572,-67.8245373432528,82.5));
#4320=CARTESIAN_POINT('',(-47.9489462528425,-67.8245373432528,82.5));
#4321=CARTESIAN_POINT('',(-49.4488921480572,-67.8245373432528,6.5));
#4322=CARTESIAN_POINT('Origin',(-47.4488921480572,-135.514537343253,13.));
#4323=CARTESIAN_POINT('',(-47.4488921480572,-135.715108865222,13.));
#4324=CARTESIAN_POINT('',(-47.4488921480572,-135.514537343253,13.));
#4325=CARTESIAN_POINT('',(-47.4488921480572,-135.715108865222,15.));
#4326=CARTESIAN_POINT('',(-47.4488921480572,-135.715108865222,6.5));
#4327=CARTESIAN_POINT('',(-47.4488921480572,-71.7650004321337,15.));
#4328=CARTESIAN_POINT('',(-47.4488921480572,-135.514537343253,15.));
#4329=CARTESIAN_POINT('',(-47.4488921480572,-71.7650004321337,90.));
#4330=CARTESIAN_POINT('',(-47.4488921480572,-71.7650004321337,7.5));
#4331=CARTESIAN_POINT('',(-47.4488921480572,-68.2150004321337,90.));
#4332=CARTESIAN_POINT('',(-47.4488921480572,-99.8897689435726,90.));
#4333=CARTESIAN_POINT('',(-47.4488921480572,-68.2150004321337,82.5));
#4334=CARTESIAN_POINT('',(-47.4488921480572,-68.2150004321337,47.75));
#4335=CARTESIAN_POINT('',(-47.4488921480572,-101.764768887693,82.5));
#4336=CARTESIAN_POINT('Origin',(-51.9988921480572,-65.2645373432528,0.));
#4337=CARTESIAN_POINT('',(-51.9988921480572,-65.2645373432528,82.5));
#4338=CARTESIAN_POINT('',(-51.9988921480572,-65.2645373432528,6.5));
#4339=CARTESIAN_POINT('',(-51.9988921480572,-63.2645373432528,82.5));
#4340=CARTESIAN_POINT('',(-51.9988921480572,-64.7647688876933,82.5));
#4341=CARTESIAN_POINT('',(-51.9988921480572,-63.2645373432528,6.5));
#4342=CARTESIAN_POINT('Origin',(-119.698892148057,-65.2645373432528,13.));
#4343=CARTESIAN_POINT('',(-52.1990003576279,-65.2645373432528,82.5));
#4344=CARTESIAN_POINT('',(-52.1990003576279,-65.2645373432528,3.75));
#4345=CARTESIAN_POINT('',(-50.3239462528425,-65.2645373432528,82.5));
#4346=CARTESIAN_POINT('Origin',(-49.4485370452296,-135.715108865222,0.));
#4347=CARTESIAN_POINT('',(-49.4485370452296,-135.715108865222,13.));
#4348=CARTESIAN_POINT('',(-48.9487145966434,-135.715108865222,13.));
#4349=CARTESIAN_POINT('',(-49.4485370452296,-135.715108865222,82.5));
#4350=CARTESIAN_POINT('',(-49.4485370452296,-135.715108865222,0.));
#4351=CARTESIAN_POINT('',(-47.4485370452297,-135.715108865222,82.5));
#4352=CARTESIAN_POINT('',(-48.9487685896701,-135.715108865222,82.5));
#4353=CARTESIAN_POINT('',(-47.4485370452297,-135.715108865222,15.));
#4354=CARTESIAN_POINT('',(-47.4485370452297,-135.715108865222,0.));
#4355=CARTESIAN_POINT('',(-67.6987145966434,-135.715108865222,15.));
#4356=CARTESIAN_POINT('Origin',(-47.4485370452297,-135.515108865222,0.));
#4357=CARTESIAN_POINT('',(-47.4485370452297,-135.315000655651,82.5));
#4358=CARTESIAN_POINT('',(-47.4485370452297,-135.515054760436,82.5));
#4359=CARTESIAN_POINT('',(-47.4485370452297,-135.315000655651,90.));
#4360=CARTESIAN_POINT('',(-47.4485370452297,-135.315000655651,41.25));
#4361=CARTESIAN_POINT('',(-47.4485370452297,-131.765000655651,90.));
#4362=CARTESIAN_POINT('',(-47.4485370452297,-137.390054760436,90.));
#4363=CARTESIAN_POINT('',(-47.4485370452297,-131.765000655651,15.));
#4364=CARTESIAN_POINT('',(-47.4485370452297,-131.765000655651,7.5));
#4365=CARTESIAN_POINT('',(-47.4485370452297,-118.639823104237,15.));
#4366=CARTESIAN_POINT('Origin',(-49.4485370452296,-68.0151088652218,0.));
#4367=CARTESIAN_POINT('',(-49.4485370452296,-135.515000655651,13.));
#4368=CARTESIAN_POINT('',(-49.4485370452296,-84.8898231042373,13.));
#4369=CARTESIAN_POINT('',(-49.4485370452296,-135.515000655651,82.5));
#4370=CARTESIAN_POINT('',(-49.4485370452296,-135.515000655651,3.75));
#4371=CARTESIAN_POINT('',(-49.4485370452296,-137.390054760436,82.5));
#4372=CARTESIAN_POINT('Origin',(-48.4488921480572,-101.764537343253,13.));
#4373=CARTESIAN_POINT('',(-49.4488921480572,-135.515000655651,13.));
#4374=CARTESIAN_POINT('',(-49.4488921480572,-68.0145373432528,13.));
#4375=CARTESIAN_POINT('',(-46.5739461410838,-135.515000655651,13.));
#4376=CARTESIAN_POINT('Origin',(-52.0085370452296,-140.265108865222,0.));
#4377=CARTESIAN_POINT('',(-52.0085370452296,-140.265108865222,82.5));
#4378=CARTESIAN_POINT('',(-52.0085370452296,-140.265108865222,0.));
#4379=CARTESIAN_POINT('',(-52.0085370452296,-138.265108865222,82.5));
#4380=CARTESIAN_POINT('',(-52.0085370452296,-139.765054760436,82.5));
#4381=CARTESIAN_POINT('',(-52.0085370452296,-138.265108865222,3.75));
#4382=CARTESIAN_POINT('Origin',(-52.2085370452296,-138.265108865222,7.5));
#4383=CARTESIAN_POINT('',(-52.1990001341105,-138.265108865222,82.5));
#4384=CARTESIAN_POINT('',(-50.3287685896701,-138.265108865222,82.5));
#4385=CARTESIAN_POINT('',(-52.1990001341105,-138.265108865222,3.75));
#4386=CARTESIAN_POINT('Origin',(-119.69853704523,-140.265108865222,0.));
#4387=CARTESIAN_POINT('',(-55.9490001341105,-140.265108865222,90.));
#4388=CARTESIAN_POINT('',(-55.9490001341105,-140.265108865222,7.5));
#4389=CARTESIAN_POINT('',(-52.3990001341105,-140.265108865222,90.));
#4390=CARTESIAN_POINT('',(-84.0737686455494,-140.265108865222,90.));
#4391=CARTESIAN_POINT('',(-52.3990001341105,-140.265108865222,82.5));
#4392=CARTESIAN_POINT('',(-52.3990001341105,-140.265108865222,41.25));
#4393=CARTESIAN_POINT('',(-85.94876858967,-140.265108865222,82.5));
#4394=CARTESIAN_POINT('Origin',(-52.3990001341105,-135.515000655651,82.5));
#4395=CARTESIAN_POINT('',(-52.3990001341105,-143.215000655651,90.));
#4396=CARTESIAN_POINT('',(-52.3990001341105,-137.390000655651,90.));
#4397=CARTESIAN_POINT('',(-52.3990001341105,-143.215000655651,82.5));
#4398=CARTESIAN_POINT('',(-52.3990001341105,-143.215000655651,82.5));
#4399=CARTESIAN_POINT('',(-52.3990001341105,-143.015000655651,82.5));
#4400=CARTESIAN_POINT('Origin',(-44.6990001341105,-135.315000655651,82.5));
#4401=CARTESIAN_POINT('',(-44.4990001341105,-135.315000655651,82.5));
#4402=CARTESIAN_POINT('',(-47.4490001341105,-135.315000655651,82.5));
#4403=CARTESIAN_POINT('',(-44.4990001341105,-135.315000655651,90.));
#4404=CARTESIAN_POINT('',(-44.4990001341105,-135.315000655651,82.5));
#4405=CARTESIAN_POINT('',(-46.5740001899898,-135.315000655651,90.));
#4406=CARTESIAN_POINT('Origin',(-48.4490002458692,-139.265000655651,90.));
#4407=CARTESIAN_POINT('',(-55.9490001341105,-146.765000655651,90.));
#4408=CARTESIAN_POINT('',(-55.9490001341105,-146.765000655651,90.));
#4409=CARTESIAN_POINT('',(-40.9490001341105,-146.765000655651,90.));
#4410=CARTESIAN_POINT('',(-40.9490001341105,-146.765000655651,90.));
#4411=CARTESIAN_POINT('',(-40.9490001341105,-131.765000655651,90.));
#4412=CARTESIAN_POINT('',(-40.9490001341105,-131.765000655651,90.));
#4413=CARTESIAN_POINT('',(-55.9490001341105,-131.765000655651,90.));
#4414=CARTESIAN_POINT('',(-44.4990001341105,-143.215000655651,90.));
#4415=CARTESIAN_POINT('',(-44.4990001341105,-137.390000655651,90.));
#4416=CARTESIAN_POINT('',(-50.3240001899898,-143.215000655651,90.));
#4417=CARTESIAN_POINT('Origin',(-52.3990001341105,-135.515000655651,82.5));
#4418=CARTESIAN_POINT('',(-52.3990001341105,-138.265000655651,82.5));
#4419=CARTESIAN_POINT('',(-52.3990001341105,-138.265000655651,90.));
#4420=CARTESIAN_POINT('',(-52.3990001341105,-138.265000655651,48.75));
#4421=CARTESIAN_POINT('',(-52.3990001341105,-135.315000655651,82.5));
#4422=CARTESIAN_POINT('',(-52.3990001341105,-143.015000655651,82.5));
#4423=CARTESIAN_POINT('',(-52.3990001341105,-135.315000655651,90.));
#4424=CARTESIAN_POINT('',(-52.3990001341105,-135.315000655651,82.5));
#4425=CARTESIAN_POINT('',(-52.3990001341105,-137.390000655651,90.));
#4426=CARTESIAN_POINT('Origin',(-55.9490003576279,-138.265000655651,15.));
#4427=CARTESIAN_POINT('',(-52.1990001341105,-138.265000655651,82.5));
#4428=CARTESIAN_POINT('',(-54.0740002458692,-138.265000655651,82.5));
#4429=CARTESIAN_POINT('',(-55.9490003576279,-138.265000655651,90.));
#4430=CARTESIAN_POINT('',(-52.1990001341105,-138.265000655651,90.));
#4431=CARTESIAN_POINT('',(-55.9490003576279,-138.265000655651,15.));
#4432=CARTESIAN_POINT('',(-55.9490003576279,-138.265000655651,15.));
#4433=CARTESIAN_POINT('',(-52.1990001341105,-138.265000655651,15.));
#4434=CARTESIAN_POINT('',(-52.1990001341105,-138.265000655651,15.));
#4435=CARTESIAN_POINT('',(-52.1990001341105,-138.265000655651,15.));
#4436=CARTESIAN_POINT('Origin',(-44.6990001341105,-135.315000655651,82.5));
#4437=CARTESIAN_POINT('',(-49.4490001341105,-135.315000655651,90.));
#4438=CARTESIAN_POINT('',(-49.4490001341105,-135.315000655651,82.5));
#4439=CARTESIAN_POINT('',(-49.4490001341105,-135.315000655651,48.75));
#4440=CARTESIAN_POINT('',(-50.3240001899898,-135.315000655651,90.));
#4441=CARTESIAN_POINT('',(-52.1990001341105,-135.315000655651,82.5));
#4442=CARTESIAN_POINT('Origin',(-48.4490002458692,-139.265000655651,90.));
#4443=CARTESIAN_POINT('',(-49.4490001341105,-131.765000655651,90.));
#4444=CARTESIAN_POINT('',(-49.4490001341105,-135.515000655651,90.));
#4445=CARTESIAN_POINT('',(-55.9490001341105,-131.765000655651,90.));
#4446=CARTESIAN_POINT('',(-55.9490001341105,-131.765000655651,90.));
#4447=CARTESIAN_POINT('',(-55.9490001341105,-146.765000655651,90.));
#4448=CARTESIAN_POINT('Origin',(-49.4490001341105,-135.515000655651,15.));
#4449=CARTESIAN_POINT('',(-49.4490001341105,-135.515000655651,82.5));
#4450=CARTESIAN_POINT('',(-49.4490001341105,-135.515000655651,82.5));
#4451=CARTESIAN_POINT('',(-49.4490001341105,-135.515000655651,15.));
#4452=CARTESIAN_POINT('',(-49.4490001341105,-131.765000655651,15.));
#4453=CARTESIAN_POINT('Origin',(-52.1990001341105,-143.215000655651,82.5));
#4454=CARTESIAN_POINT('',(-44.4990001341105,-143.215000655651,82.5));
#4455=CARTESIAN_POINT('',(-44.6990001341105,-143.215000655651,82.5));
#4456=CARTESIAN_POINT('',(-44.4990001341105,-143.215000655651,82.5));
#4457=CARTESIAN_POINT('Origin',(-44.4990001341105,-143.015000655651,82.5));
#4458=CARTESIAN_POINT('',(-44.4990001341105,-135.515000655651,82.5));
#4459=CARTESIAN_POINT('Origin',(-127.199000357628,-143.215000879169,82.5));
#4460=CARTESIAN_POINT('',(-127.399000357628,-143.215000879169,82.5));
#4461=CARTESIAN_POINT('',(-119.499000357628,-143.215000879169,82.5));
#4462=CARTESIAN_POINT('',(-119.699000357628,-143.215000879169,82.5));
#4463=CARTESIAN_POINT('',(-127.399000357628,-143.215000879169,90.));
#4464=CARTESIAN_POINT('',(-127.399000357628,-143.215000879169,82.5));
#4465=CARTESIAN_POINT('',(-119.499000357628,-143.215000879169,90.));
#4466=CARTESIAN_POINT('',(-125.324000357628,-143.215000879169,90.));
#4467=CARTESIAN_POINT('',(-119.499000357628,-143.215000879169,82.5));
#4468=CARTESIAN_POINT('Origin',(-123.449000357628,-139.26500076741,90.));
#4469=CARTESIAN_POINT('',(-119.499000357628,-141.140000823289,90.));
#4470=CARTESIAN_POINT('',(-127.399000357628,-135.315000879169,90.));
#4471=CARTESIAN_POINT('',(-127.399000357628,-141.140000823289,90.));
#4472=CARTESIAN_POINT('',(-125.324000357628,-135.315000879169,90.));
#4473=CARTESIAN_POINT('',(-130.949000357628,-131.765000879169,90.));
#4474=CARTESIAN_POINT('',(-130.949000357628,-131.765000879169,90.));
#4475=CARTESIAN_POINT('',(-130.949000357628,-146.765000879169,90.));
#4476=CARTESIAN_POINT('',(-130.949000357628,-146.765000879169,90.));
#4477=CARTESIAN_POINT('',(-115.949000357628,-146.765000879169,90.));
#4478=CARTESIAN_POINT('',(-115.949000357628,-146.765000879169,90.));
#4479=CARTESIAN_POINT('',(-115.949000357628,-131.765000879169,90.));
#4480=CARTESIAN_POINT('Origin',(-127.399000357628,-135.515000879169,82.5));
#4481=CARTESIAN_POINT('',(-127.399000357628,-135.315000879169,82.5));
#4482=CARTESIAN_POINT('',(-127.399000357628,-143.015000879169,82.5));
#4483=CARTESIAN_POINT('',(-127.399000357628,-135.315000879169,82.5));
#4484=CARTESIAN_POINT('Origin',(-119.699000357628,-135.315000879169,82.5));
#4485=CARTESIAN_POINT('',(-127.199000357628,-135.315000879169,82.5));
#4486=CARTESIAN_POINT('Origin',(-119.699000357628,-135.315000879169,82.5));
#4487=CARTESIAN_POINT('',(-122.449000357628,-135.315000879169,82.5));
#4488=CARTESIAN_POINT('',(-122.449000357628,-135.315000879169,90.));
#4489=CARTESIAN_POINT('',(-122.449000357628,-135.315000879169,48.75));
#4490=CARTESIAN_POINT('',(-119.499000357628,-135.315000879169,82.5));
#4491=CARTESIAN_POINT('',(-127.199000357628,-135.315000879169,82.5));
#4492=CARTESIAN_POINT('',(-119.499000357628,-135.315000879169,90.));
#4493=CARTESIAN_POINT('',(-119.499000357628,-135.315000879169,82.5));
#4494=CARTESIAN_POINT('',(-121.574000357628,-135.315000879169,90.));
#4495=CARTESIAN_POINT('Origin',(-122.449000357628,-131.765000655651,15.));
#4496=CARTESIAN_POINT('',(-122.449000357628,-135.515000879169,82.5));
#4497=CARTESIAN_POINT('',(-122.449000357628,-133.64000076741,82.5));
#4498=CARTESIAN_POINT('',(-122.449000357628,-131.765000655651,90.));
#4499=CARTESIAN_POINT('',(-122.449000357628,-135.515000879169,90.));
#4500=CARTESIAN_POINT('',(-122.449000357628,-131.765000655651,15.));
#4501=CARTESIAN_POINT('',(-122.449000357628,-131.765000655651,15.));
#4502=CARTESIAN_POINT('',(-122.449000357628,-135.515000879169,15.));
#4503=CARTESIAN_POINT('',(-122.449000357628,-135.515000879169,15.));
#4504=CARTESIAN_POINT('',(-122.449000357628,-135.515000879169,15.));
#4505=CARTESIAN_POINT('Origin',(-119.499000357628,-143.015000879169,82.5));
#4506=CARTESIAN_POINT('',(-119.499000357628,-140.265000879169,82.5));
#4507=CARTESIAN_POINT('Origin',(-119.499000357628,-143.015000879169,82.5));
#4508=CARTESIAN_POINT('',(-119.499000357628,-138.265000879169,90.));
#4509=CARTESIAN_POINT('',(-119.499000357628,-138.265000879169,82.5));
#4510=CARTESIAN_POINT('',(-119.499000357628,-138.265000879169,48.75));
#4511=CARTESIAN_POINT('',(-119.499000357628,-137.390000823289,90.));
#4512=CARTESIAN_POINT('',(-119.499000357628,-135.515000879169,82.5));
#4513=CARTESIAN_POINT('Origin',(-123.449000357628,-139.26500076741,90.));
#4514=CARTESIAN_POINT('',(-115.949000357628,-138.265000879169,90.));
#4515=CARTESIAN_POINT('',(-119.699000357628,-138.265000879169,90.));
#4516=CARTESIAN_POINT('',(-115.949000357628,-131.765000879169,90.));
#4517=CARTESIAN_POINT('',(-115.949000357628,-131.765000879169,90.));
#4518=CARTESIAN_POINT('',(-130.949000357628,-131.765000879169,90.));
#4519=CARTESIAN_POINT('Origin',(-119.699000357628,-138.265000879169,15.));
#4520=CARTESIAN_POINT('',(-119.699000357628,-138.265000879169,82.5));
#4521=CARTESIAN_POINT('',(-119.699000357628,-138.265000879169,82.5));
#4522=CARTESIAN_POINT('',(-119.699000357628,-138.265000879169,15.));
#4523=CARTESIAN_POINT('',(-119.699000357628,-138.265000879169,15.));
#4524=CARTESIAN_POINT('',(-115.949000357628,-138.265000879169,15.));
#4525=CARTESIAN_POINT('',(-119.699000357628,-138.265000879169,15.));
#4526=CARTESIAN_POINT('',(-115.949000357628,-138.265000879169,15.));
#4527=CARTESIAN_POINT('Origin',(-119.499000357628,-68.0150008791688,82.5));
#4528=CARTESIAN_POINT('',(-119.499000357628,-65.2650008791687,82.5));
#4529=CARTESIAN_POINT('',(-119.499000357628,-65.2650008791687,90.));
#4530=CARTESIAN_POINT('',(-119.499000357628,-65.2650008791687,48.75));
#4531=CARTESIAN_POINT('',(-119.499000357628,-68.2150008791688,82.5));
#4532=CARTESIAN_POINT('',(-119.499000357628,-60.5150008791688,82.5));
#4533=CARTESIAN_POINT('',(-119.499000357628,-68.2150008791688,90.));
#4534=CARTESIAN_POINT('',(-119.499000357628,-68.2150008791688,82.5));
#4535=CARTESIAN_POINT('',(-119.499000357628,-66.1400008791688,90.));
#4536=CARTESIAN_POINT('Origin',(-115.94900013411,-65.2650008791687,15.));
#4537=CARTESIAN_POINT('',(-119.699000357628,-65.2650008791687,82.5));
#4538=CARTESIAN_POINT('',(-117.824000245869,-65.2650008791687,82.5));
#4539=CARTESIAN_POINT('',(-115.94900013411,-65.2650008791687,90.));
#4540=CARTESIAN_POINT('',(-119.699000357628,-65.2650008791687,90.));
#4541=CARTESIAN_POINT('',(-115.94900013411,-65.2650008791687,15.));
#4542=CARTESIAN_POINT('',(-119.699000357628,-65.2650008791687,15.));
#4543=CARTESIAN_POINT('Origin',(-119.699000357628,-60.3150008791688,82.5));
#4544=CARTESIAN_POINT('',(-119.499000357628,-60.3150008791688,82.5));
#4545=CARTESIAN_POINT('',(-127.399000357628,-60.3150008791688,82.5));
#4546=CARTESIAN_POINT('',(-127.199000357628,-60.3150008791688,82.5));
#4547=CARTESIAN_POINT('',(-119.499000357628,-60.3150008791688,90.));
#4548=CARTESIAN_POINT('',(-119.499000357628,-60.3150008791688,82.5));
#4549=CARTESIAN_POINT('',(-127.399000357628,-60.3150008791688,90.));
#4550=CARTESIAN_POINT('',(-121.574000301748,-60.3150008791688,90.));
#4551=CARTESIAN_POINT('',(-127.399000357628,-60.3150008791688,82.5));
#4552=CARTESIAN_POINT('Origin',(-123.449000245869,-64.2650008791688,90.));
#4553=CARTESIAN_POINT('',(-127.399000357628,-68.2150008791688,90.));
#4554=CARTESIAN_POINT('',(-127.399000357628,-62.3900008791688,90.));
#4555=CARTESIAN_POINT('',(-119.499000357628,-62.3900008791688,90.));
#4556=CARTESIAN_POINT('',(-115.949000357628,-56.7650008791688,90.));
#4557=CARTESIAN_POINT('',(-115.949000357628,-56.7650008791688,90.));
#4558=CARTESIAN_POINT('',(-130.949000357628,-56.7650008791687,90.));
#4559=CARTESIAN_POINT('',(-130.949000357628,-56.7650008791687,90.));
#4560=CARTESIAN_POINT('',(-130.949000357628,-71.7650008791688,90.));
#4561=CARTESIAN_POINT('',(-130.949000357628,-71.7650008791688,90.));
#4562=CARTESIAN_POINT('',(-115.949000357628,-71.7650008791688,90.));
#4563=CARTESIAN_POINT('',(-125.324000301748,-68.2150008791688,90.));
#4564=CARTESIAN_POINT('Origin',(-119.499000357628,-68.0150008791688,82.5));
#4565=CARTESIAN_POINT('',(-119.499000357628,-60.5150008791688,82.5));
#4566=CARTESIAN_POINT('Origin',(-127.199000357628,-68.2150008791688,82.5));
#4567=CARTESIAN_POINT('',(-127.399000357628,-68.2150008791688,82.5));
#4568=CARTESIAN_POINT('',(-124.449000357628,-68.2150008791688,82.5));
#4569=CARTESIAN_POINT('',(-127.399000357628,-68.2150008791688,82.5));
#4570=CARTESIAN_POINT('Origin',(-127.199000357628,-68.2150008791688,82.5));
#4571=CARTESIAN_POINT('',(-122.449000357628,-68.2150008791688,90.));
#4572=CARTESIAN_POINT('',(-122.449000357628,-68.2150008791688,82.5));
#4573=CARTESIAN_POINT('',(-122.449000357628,-68.2150008791688,48.75));
#4574=CARTESIAN_POINT('',(-121.574000301748,-68.2150008791688,90.));
#4575=CARTESIAN_POINT('',(-119.699000357628,-68.2150008791688,82.5));
#4576=CARTESIAN_POINT('Origin',(-123.449000245869,-64.2650008791688,90.));
#4577=CARTESIAN_POINT('',(-122.449000357628,-71.7650008791688,90.));
#4578=CARTESIAN_POINT('',(-122.449000357628,-68.0150008791688,90.));
#4579=CARTESIAN_POINT('',(-115.949000357628,-71.7650008791688,90.));
#4580=CARTESIAN_POINT('',(-115.949000357628,-71.7650008791688,90.));
#4581=CARTESIAN_POINT('',(-115.949000357628,-56.7650008791688,90.));
#4582=CARTESIAN_POINT('Origin',(-122.449000357628,-68.0150008791688,15.));
#4583=CARTESIAN_POINT('',(-122.449000357628,-68.0150008791688,82.5));
#4584=CARTESIAN_POINT('',(-122.449000357628,-68.0150008791688,82.5));
#4585=CARTESIAN_POINT('',(-122.449000357628,-68.0150008791688,15.));
#4586=CARTESIAN_POINT('',(-122.449000357628,-68.0150008791688,15.));
#4587=CARTESIAN_POINT('',(-122.449000357628,-71.7650008791688,15.));
#4588=CARTESIAN_POINT('',(-122.449000357628,-68.0150008791688,15.));
#4589=CARTESIAN_POINT('',(-122.449000357628,-71.7650008791688,15.));
#4590=CARTESIAN_POINT('Origin',(-127.399000357628,-60.5150008791688,82.5));
#4591=CARTESIAN_POINT('',(-127.399000357628,-68.0150008791688,82.5));
#4592=CARTESIAN_POINT('Origin',(-52.3990003576279,-60.5150004321337,82.5));
#4593=CARTESIAN_POINT('',(-52.3990003576279,-65.2650004321337,90.));
#4594=CARTESIAN_POINT('',(-52.3990003576279,-65.2650004321337,82.5));
#4595=CARTESIAN_POINT('',(-52.3990003576279,-65.2650004321337,48.75));
#4596=CARTESIAN_POINT('',(-52.3990003576279,-68.2150004321337,90.));
#4597=CARTESIAN_POINT('',(-52.3990003576279,-62.390000488013,90.));
#4598=CARTESIAN_POINT('',(-52.3990003576279,-68.2150004321337,82.5));
#4599=CARTESIAN_POINT('',(-52.3990003576279,-68.2150004321337,82.5));
#4600=CARTESIAN_POINT('',(-52.3990003576279,-63.2650004321337,82.5));
#4601=CARTESIAN_POINT('Origin',(-48.4490003576279,-64.2650005438924,90.));
#4602=CARTESIAN_POINT('',(-49.4490003576279,-68.2150004321337,90.));
#4603=CARTESIAN_POINT('',(-50.3240003576279,-68.2150004321337,90.));
#4604=CARTESIAN_POINT('',(-55.9490003576279,-65.2650004321337,90.));
#4605=CARTESIAN_POINT('',(-52.1990003576279,-65.2650004321337,90.));
#4606=CARTESIAN_POINT('',(-55.9490003576279,-71.7650004321337,90.));
#4607=CARTESIAN_POINT('',(-55.9490003576279,-71.7650004321337,90.));
#4608=CARTESIAN_POINT('',(-49.4490003576279,-71.7650006556511,90.));
#4609=CARTESIAN_POINT('',(-40.9490003576279,-71.7650004321337,90.));
#4610=CARTESIAN_POINT('',(-49.4490003576279,-68.0150004321337,90.));
#4611=CARTESIAN_POINT('Origin',(-52.1990003576279,-65.2650004321337,15.));
#4612=CARTESIAN_POINT('',(-52.1990003576279,-65.2650004321337,82.5));
#4613=CARTESIAN_POINT('',(-52.1990003576279,-65.2650004321337,82.5));
#4614=CARTESIAN_POINT('',(-52.1990003576279,-65.2650004321337,15.));
#4615=CARTESIAN_POINT('',(-55.9490003576279,-65.2650004321337,15.));
#4616=CARTESIAN_POINT('Origin',(-52.3990003576279,-60.5150004321337,82.5));
#4617=CARTESIAN_POINT('',(-52.3990003576279,-63.2645373432528,82.5));
#4618=CARTESIAN_POINT('',(-52.3990003576279,-63.2645373432528,90.));
#4619=CARTESIAN_POINT('',(-52.3990003576279,-63.2645373432528,47.75));
#4620=CARTESIAN_POINT('',(-52.3990003576279,-60.3150004321337,82.5));
#4621=CARTESIAN_POINT('',(-52.3990003576279,-63.2650004321337,82.5));
#4622=CARTESIAN_POINT('',(-52.3990003576279,-60.3150004321337,90.));
#4623=CARTESIAN_POINT('',(-52.3990003576279,-60.3150004321337,82.5));
#4624=CARTESIAN_POINT('',(-52.3990003576279,-62.390000488013,90.));
#4625=CARTESIAN_POINT('Origin',(-52.1988921480572,-63.2645373432528,13.));
#4626=CARTESIAN_POINT('',(-52.1989462528425,-63.2645373432528,82.5));
#4627=CARTESIAN_POINT('',(-55.9490003576279,-63.2645373432528,90.));
#4628=CARTESIAN_POINT('',(-50.3239462528425,-63.2645373432528,90.));
#4629=CARTESIAN_POINT('',(-55.9490003576279,-63.2645373432528,15.));
#4630=CARTESIAN_POINT('',(-55.9490003576279,-63.2645373432529,7.5));
#4631=CARTESIAN_POINT('',(-115.949000357628,-63.2645373432528,15.));
#4632=CARTESIAN_POINT('',(-119.698892148057,-63.2645373432528,15.));
#4633=CARTESIAN_POINT('',(-119.699000357628,-63.2645373432528,15.));
#4634=CARTESIAN_POINT('',(-119.698892148057,-63.2645373432528,15.));
#4635=CARTESIAN_POINT('',(-119.699000357628,-63.2645373432528,10.25));
#4636=CARTESIAN_POINT('Origin',(-44.6990003576279,-60.3150004321337,82.5));
#4637=CARTESIAN_POINT('',(-44.4990003576279,-60.3150004321337,82.5));
#4638=CARTESIAN_POINT('',(-52.1990003576279,-60.3150004321337,82.5));
#4639=CARTESIAN_POINT('',(-44.4990003576279,-60.3150004321337,90.));
#4640=CARTESIAN_POINT('',(-44.4990003576279,-60.3150004321337,82.5));
#4641=CARTESIAN_POINT('',(-50.3240003576279,-60.3150004321337,90.));
#4642=CARTESIAN_POINT('Origin',(-48.4490003576279,-64.2650005438924,90.));
#4643=CARTESIAN_POINT('',(-44.4990003576279,-68.2150004321337,90.));
#4644=CARTESIAN_POINT('',(-44.4990003576279,-62.390000488013,90.));
#4645=CARTESIAN_POINT('',(-46.5740003576279,-68.2150004321337,90.));
#4646=CARTESIAN_POINT('',(-40.9490003576279,-71.7650004321337,90.));
#4647=CARTESIAN_POINT('',(-40.9490003576279,-71.7650004321337,90.));
#4648=CARTESIAN_POINT('',(-40.9490003576279,-56.7650004321337,90.));
#4649=CARTESIAN_POINT('',(-40.9490003576279,-56.7650004321337,90.));
#4650=CARTESIAN_POINT('',(-55.9490003576279,-56.7650004321337,90.));
#4651=CARTESIAN_POINT('',(-55.9490003576279,-56.7650004321337,90.));
#4652=CARTESIAN_POINT('',(-55.9490003576279,-71.7650004321337,90.));
#4653=CARTESIAN_POINT('Origin',(-44.4990003576279,-68.0150004321337,82.5));
#4654=CARTESIAN_POINT('',(-44.4990003576279,-68.2150004321337,82.5));
#4655=CARTESIAN_POINT('',(-44.4990003576279,-60.5150004321337,82.5));
#4656=CARTESIAN_POINT('',(-44.4990003576279,-68.2150004321337,82.5));
#4657=CARTESIAN_POINT('Origin',(-52.1990003576279,-68.2150004321337,82.5));
#4658=CARTESIAN_POINT('',(-49.4490003576279,-68.2150004321337,82.5));
#4659=CARTESIAN_POINT('',(-49.4490003576279,-68.2150004321337,48.75));
#4660=CARTESIAN_POINT('',(-44.6990003576279,-68.2150004321337,82.5));
#4661=CARTESIAN_POINT('Origin',(-49.4490003576279,-71.7650006556511,15.));
#4662=CARTESIAN_POINT('',(-49.4490003576279,-68.0150004321337,82.5));
#4663=CARTESIAN_POINT('',(-49.4490003576279,-69.8900005438924,82.5));
#4664=CARTESIAN_POINT('',(-49.4490003576279,-71.7650006556511,15.));
#4665=CARTESIAN_POINT('',(-49.4490003576279,-68.0150004321337,15.));
#4666=CARTESIAN_POINT('Origin',(-52.1990003576279,-68.2150004321337,82.5));
#4667=CARTESIAN_POINT('',(-44.6990003576279,-68.2150004321337,82.5));
#4668=CARTESIAN_POINT('Origin',(-40.9488921480572,-146.764537343253,0.));
#4669=CARTESIAN_POINT('',(-40.9488921480572,-56.7645373432528,0.));
#4670=CARTESIAN_POINT('',(-40.9488921480572,-56.7645373432528,0.));
#4671=CARTESIAN_POINT('',(-40.9488921480572,-56.7645373432528,15.));
#4672=CARTESIAN_POINT('',(-40.9488921480572,-56.7645373432528,0.));
#4673=CARTESIAN_POINT('',(-40.9488921480572,-56.7645373432528,15.));
#4674=CARTESIAN_POINT('Origin',(-40.9488921480572,-56.7645373432528,0.));
#4675=CARTESIAN_POINT('',(-130.948892148057,-56.7645373432528,0.));
#4676=CARTESIAN_POINT('',(-130.948892148057,-56.7645373432528,0.));
#4677=CARTESIAN_POINT('',(-130.948892148057,-56.7645373432528,15.));
#4678=CARTESIAN_POINT('',(-130.948892148057,-56.7645373432528,0.));
#4679=CARTESIAN_POINT('',(-130.948892148057,-56.7645373432528,15.));
#4680=CARTESIAN_POINT('Origin',(-130.948892148057,-56.7645373432528,0.));
#4681=CARTESIAN_POINT('',(-130.948892148057,-146.764537343253,0.));
#4682=CARTESIAN_POINT('',(-130.948892148057,-146.764537343253,15.));
#4683=CARTESIAN_POINT('',(-130.948892148057,-56.7650008791687,15.));
#4684=CARTESIAN_POINT('',(-130.948892148057,-146.764537343253,15.));
#4685=CARTESIAN_POINT('',(-130.948892148057,-146.764537343253,15.));
#4686=CARTESIAN_POINT('Origin',(-85.9488921480572,-101.764537343253,0.));
#4687=CARTESIAN_POINT('Origin',(-93.9488921480572,-146.764537343253,0.));
#4688=CARTESIAN_POINT('Origin',(-123.449000245869,-64.2650008791688,15.));
#4689=CARTESIAN_POINT('',(-122.448892148057,-68.0150008791688,15.));
#4690=CARTESIAN_POINT('',(-122.448892148057,-135.514537343253,15.));
#4691=CARTESIAN_POINT('',(-115.949000357628,-71.7650008791688,15.));
#4692=CARTESIAN_POINT('',(-124.449000357628,-68.0150008791688,15.));
#4693=CARTESIAN_POINT('Origin',(-122.449000357628,-71.7650008791688,15.));
#4694=CARTESIAN_POINT('',(-115.949000357628,-71.7650008791688,15.));
#4695=CARTESIAN_POINT('Origin',(-115.949000357628,-71.7650008791688,15.));
#4696=CARTESIAN_POINT('Origin',(-115.949000357628,-63.2650008791688,15.));
#4697=CARTESIAN_POINT('',(-115.949000357628,-56.7650008791688,15.));
#4698=CARTESIAN_POINT('',(-115.949000357628,-56.7650008791688,15.));
#4699=CARTESIAN_POINT('',(-115.949000357628,-82.5147691112108,15.));
#4700=CARTESIAN_POINT('',(-115.949000357628,-56.7650008791688,15.));
#4701=CARTESIAN_POINT('Origin',(-115.949000357628,-56.7650008791688,15.));
#4702=CARTESIAN_POINT('',(-130.949000357628,-56.7650008791687,15.));
#4703=CARTESIAN_POINT('',(-130.949000357628,-56.7650008791687,15.));
#4704=CARTESIAN_POINT('',(-130.949000357628,-56.7650008791687,15.));
#4705=CARTESIAN_POINT('',(-100.948946252842,-56.7650008791688,15.));
#4706=CARTESIAN_POINT('Origin',(-130.949000357628,-56.7650008791687,15.));
#4707=CARTESIAN_POINT('',(-130.949000357628,-71.7650008791688,15.));
#4708=CARTESIAN_POINT('',(-130.949000357628,-71.7650008791688,15.));
#4709=CARTESIAN_POINT('',(-130.949000357628,-71.7650008791688,15.));
#4710=CARTESIAN_POINT('Origin',(-130.949000357628,-71.7650008791688,15.));
#4711=CARTESIAN_POINT('',(-115.949000357628,-71.7650008791688,15.));
#4712=CARTESIAN_POINT('Origin',(-123.449000357628,-64.2650008791688,82.5));
#4713=CARTESIAN_POINT('',(-122.449463446509,-68.0150008791688,82.5));
#4714=CARTESIAN_POINT('',(-122.449463446509,-66.1399467743834,82.5));
#4715=CARTESIAN_POINT('',(-125.324000357628,-68.0150008791688,82.5));
#4716=CARTESIAN_POINT('',(-119.699000357628,-65.2648926695981,82.5));
#4717=CARTESIAN_POINT('',(-119.699000357628,-66.1400008791688,82.5));
#4718=CARTESIAN_POINT('',(-121.569231902068,-65.2648926695981,82.5));
#4719=CARTESIAN_POINT('Origin',(-127.199000357628,-68.0150008791688,7.5));
#4720=CARTESIAN_POINT('',(-122.448892148057,-68.0150008791688,13.));
#4721=CARTESIAN_POINT('',(-122.448892148057,-68.0150008791688,10.25));
#4722=CARTESIAN_POINT('',(-122.449463446509,-68.0150008791688,13.));
#4723=CARTESIAN_POINT('',(-122.449463446509,-68.0150008791688,3.75));
#4724=CARTESIAN_POINT('',(-125.323946252842,-68.0150008791688,13.));
#4725=CARTESIAN_POINT('Origin',(-122.449463446509,-135.514892669598,0.));
#4726=CARTESIAN_POINT('',(-122.449463446509,-118.639715006425,13.));
#4727=CARTESIAN_POINT('Origin',(-123.449000245869,-64.2650008791688,15.));
#4728=CARTESIAN_POINT('',(-119.699000357628,-60.5150008791688,15.));
#4729=CARTESIAN_POINT('Origin',(-123.449000245869,-64.2650008791688,15.));
#4730=CARTESIAN_POINT('Origin',(-119.699000357628,-68.0150008791688,7.5));
#4731=CARTESIAN_POINT('Origin',(-119.689463446509,-65.2648926695981,7.5));
#4732=CARTESIAN_POINT('',(-119.699000357628,-65.2648926695981,3.75));
#4733=CARTESIAN_POINT('Origin',(-119.699000357628,-68.0150008791688,7.5));
#4734=CARTESIAN_POINT('Origin',(-122.448892148057,-135.514537343253,13.));
#4735=CARTESIAN_POINT('',(-122.448892148057,-135.515000879169,13.));
#4736=CARTESIAN_POINT('',(-122.448892148057,-135.515000879169,15.));
#4737=CARTESIAN_POINT('',(-122.448892148057,-135.515000879169,10.25));
#4738=CARTESIAN_POINT('',(-122.448892148057,-135.514537343253,15.));
#4739=CARTESIAN_POINT('',(-122.448892148057,-135.514537343253,13.));
#4740=CARTESIAN_POINT('Origin',(-123.448892148057,-101.764537343253,13.));
#4741=CARTESIAN_POINT('',(-122.449108567199,-135.515000879169,13.));
#4742=CARTESIAN_POINT('',(-122.449108567199,-118.635000655651,13.));
#4743=CARTESIAN_POINT('',(-121.573946252842,-135.515000879169,13.));
#4744=CARTESIAN_POINT('',(-124.448892148057,-68.0145373432528,13.));
#4745=CARTESIAN_POINT('Origin',(-124.448892148057,-68.0145373432528,13.));
#4746=CARTESIAN_POINT('Origin',(-115.949000357628,-138.265000879169,15.));
#4747=CARTESIAN_POINT('',(-115.949000357628,-131.765000879169,15.));
#4748=CARTESIAN_POINT('',(-115.949000357628,-131.765000879169,15.));
#4749=CARTESIAN_POINT('Origin',(-115.949000357628,-131.765000879169,15.));
#4750=CARTESIAN_POINT('',(-130.949000357628,-131.765000879169,15.));
#4751=CARTESIAN_POINT('Origin',(-124.449000357628,-131.765000879169,15.));
#4752=CARTESIAN_POINT('',(-130.949000357628,-131.765000879169,15.));
#4753=CARTESIAN_POINT('',(-130.949000357628,-131.765000879169,15.));
#4754=CARTESIAN_POINT('',(-130.949000357628,-131.765000879169,15.));
#4755=CARTESIAN_POINT('Origin',(-130.949000357628,-131.765000879169,15.));
#4756=CARTESIAN_POINT('',(-130.949000357628,-146.765000879169,15.));
#4757=CARTESIAN_POINT('',(-130.949000357628,-146.765000879169,15.));
#4758=CARTESIAN_POINT('',(-130.949000357628,-146.765000879169,15.));
#4759=CARTESIAN_POINT('Origin',(-130.949000357628,-146.765000879169,15.));
#4760=CARTESIAN_POINT('',(-115.949000357628,-146.765000879169,15.));
#4761=CARTESIAN_POINT('',(-115.949000357628,-146.765000879169,15.));
#4762=CARTESIAN_POINT('',(-115.949000357628,-146.765000879169,15.));
#4763=CARTESIAN_POINT('Origin',(-115.949000357628,-146.765000879169,15.));
#4764=CARTESIAN_POINT('',(-115.949000357628,-131.765000879169,15.));
#4765=CARTESIAN_POINT('Origin',(-123.449000357628,-139.26500076741,15.));
#4766=CARTESIAN_POINT('Origin',(-119.699000357628,-135.515000879169,7.5));
#4767=CARTESIAN_POINT('',(-122.449108567199,-135.515000879169,82.5));
#4768=CARTESIAN_POINT('',(-122.449108567199,-135.515000879169,3.75));
#4769=CARTESIAN_POINT('',(-121.574000357628,-135.515000879169,82.5));
#4770=CARTESIAN_POINT('',(-127.199000357628,-135.515000879169,15.));
#4771=CARTESIAN_POINT('Origin',(-123.449000357628,-139.265000879169,82.5));
#4772=CARTESIAN_POINT('',(-119.699000357628,-138.265463968049,82.5));
#4773=CARTESIAN_POINT('',(-121.574054462413,-138.265463968049,82.5));
#4774=CARTESIAN_POINT('',(-119.699000357628,-141.140000879169,82.5));
#4775=CARTESIAN_POINT('',(-122.449108567199,-137.385232423609,82.5));
#4776=CARTESIAN_POINT('Origin',(-122.449108567199,-135.505463968049,7.5));
#4777=CARTESIAN_POINT('Origin',(-123.449000357628,-139.26500076741,15.));
#4778=CARTESIAN_POINT('',(-119.699000357628,-138.264537343253,15.));
#4779=CARTESIAN_POINT('',(-52.1988921480572,-138.264537343253,15.));
#4780=CARTESIAN_POINT('',(-119.699000357628,-140.265000879169,15.));
#4781=CARTESIAN_POINT('Origin',(-123.449000357628,-139.26500076741,15.));
#4782=CARTESIAN_POINT('Origin',(-119.699000357628,-143.015000879169,7.5));
#4783=CARTESIAN_POINT('',(-119.699000357628,-138.264537343253,10.25));
#4784=CARTESIAN_POINT('',(-119.699000357628,-138.265463968049,3.75));
#4785=CARTESIAN_POINT('Origin',(-52.1991085671986,-138.265463968049,0.));
#4786=CARTESIAN_POINT('Origin',(-52.1988921480572,-138.264537343253,13.));
#4787=CARTESIAN_POINT('',(-52.1990001341105,-138.264537343253,15.));
#4788=CARTESIAN_POINT('',(-52.1990001341105,-138.264537343253,10.25));
#4789=CARTESIAN_POINT('',(-52.1988921480572,-138.264537343253,15.));
#4790=CARTESIAN_POINT('Origin',(-85.9488921480572,-101.764537343253,15.));
#4791=CARTESIAN_POINT('',(-40.9490001341105,-131.765000655651,15.));
#4792=CARTESIAN_POINT('',(-63.4489461410838,-131.765000655651,15.));
#4793=CARTESIAN_POINT('',(-40.9490001341105,-124.264768999452,15.));
#4794=CARTESIAN_POINT('',(-55.9490003576279,-56.7650004321337,15.));
#4795=CARTESIAN_POINT('',(-55.9490003576279,-79.2647688876933,15.));
#4796=CARTESIAN_POINT('',(-40.9490003576279,-56.7650004321337,15.));
#4797=CARTESIAN_POINT('',(-63.4489462528425,-56.7650004321337,15.));
#4798=CARTESIAN_POINT('',(-40.9490003576279,-71.7650004321337,15.));
#4799=CARTESIAN_POINT('',(-40.9490003576279,-86.7647688876933,15.));
#4800=CARTESIAN_POINT('',(-66.6989462528425,-71.7650004321337,15.));
#4801=CARTESIAN_POINT('Origin',(-48.4490002458692,-139.265000655651,15.));
#4802=CARTESIAN_POINT('',(-52.1990001341105,-143.015000655651,15.));
#4803=CARTESIAN_POINT('',(-55.9490001341105,-146.765000655651,15.));
#4804=CARTESIAN_POINT('Origin',(-49.4490001341105,-131.765000655651,15.));
#4805=CARTESIAN_POINT('',(-55.9490001341105,-131.765000655651,15.));
#4806=CARTESIAN_POINT('Origin',(-55.9490001341105,-131.765000655651,15.));
#4807=CARTESIAN_POINT('Origin',(-55.9490001341105,-140.265000655651,15.));
#4808=CARTESIAN_POINT('',(-55.9490001341105,-146.765000655651,15.));
#4809=CARTESIAN_POINT('',(-55.9490001341105,-146.765000655651,15.));
#4810=CARTESIAN_POINT('',(-55.9490001341105,-146.765000655651,15.));
#4811=CARTESIAN_POINT('Origin',(-55.9490001341105,-146.765000655651,15.));
#4812=CARTESIAN_POINT('',(-40.9490001341105,-146.765000655651,15.));
#4813=CARTESIAN_POINT('',(-40.9490001341105,-146.765000655651,15.));
#4814=CARTESIAN_POINT('',(-40.9490001341105,-146.765000655651,15.));
#4815=CARTESIAN_POINT('Origin',(-40.9490001341105,-146.765000655651,15.));
#4816=CARTESIAN_POINT('',(-40.9490001341105,-131.765000655651,15.));
#4817=CARTESIAN_POINT('',(-40.9490001341105,-131.765000655651,15.));
#4818=CARTESIAN_POINT('Origin',(-40.9490001341105,-131.765000655651,15.));
#4819=CARTESIAN_POINT('Origin',(-52.1990001341105,-135.515000655651,7.5));
#4820=CARTESIAN_POINT('',(-52.1990001341105,-137.390000655651,82.5));
#4821=CARTESIAN_POINT('Origin',(-48.4490001341105,-139.265000655651,82.5));
#4822=CARTESIAN_POINT('',(-46.5740001341105,-135.515000655651,82.5));
#4823=CARTESIAN_POINT('Origin',(-44.6990001341105,-135.515000655651,7.5));
#4824=CARTESIAN_POINT('',(-49.4488921480572,-135.515000655651,10.25));
#4825=CARTESIAN_POINT('Origin',(-48.4490002458692,-139.265000655651,15.));
#4826=CARTESIAN_POINT('Origin',(-49.4488921480572,-68.0145373432528,13.));
#4827=CARTESIAN_POINT('',(-49.4488921480572,-68.0150004321337,82.5));
#4828=CARTESIAN_POINT('',(-49.4488921480572,-66.1447688876933,82.5));
#4829=CARTESIAN_POINT('',(-49.4488921480572,-68.0150004321337,3.75));
#4830=CARTESIAN_POINT('Origin',(-55.9490003576279,-65.2650004321337,15.));
#4831=CARTESIAN_POINT('',(-55.9490003576279,-71.7650004321337,15.));
#4832=CARTESIAN_POINT('Origin',(-55.9490003576279,-71.7650004321337,15.));
#4833=CARTESIAN_POINT('Origin',(-47.4490003576279,-71.7650004321337,15.));
#4834=CARTESIAN_POINT('',(-40.9490003576279,-71.7650004321337,15.));
#4835=CARTESIAN_POINT('Origin',(-40.9490003576279,-71.7650004321337,15.));
#4836=CARTESIAN_POINT('',(-40.9490003576279,-56.7650004321337,15.));
#4837=CARTESIAN_POINT('Origin',(-40.9490003576279,-56.7650004321337,15.));
#4838=CARTESIAN_POINT('',(-55.9490003576279,-56.7650004321337,15.));
#4839=CARTESIAN_POINT('Origin',(-55.9490003576279,-56.7650004321337,15.));
#4840=CARTESIAN_POINT('Origin',(-52.1990003576279,-68.0150004321337,7.5));
#4841=CARTESIAN_POINT('',(-50.3240003576279,-68.0150004321337,82.5));
#4842=CARTESIAN_POINT('Origin',(-48.4490003576279,-64.2650004321337,82.5));
#4843=CARTESIAN_POINT('',(-52.1990003576279,-62.3900004321337,82.5));
#4844=CARTESIAN_POINT('Origin',(-52.1990003576279,-60.5150004321337,7.5));
#4845=CARTESIAN_POINT('Origin',(-44.6990003576279,-68.0150004321337,7.5));
#4846=CARTESIAN_POINT('',(-44.6990003576279,-66.0145373432528,7.5));
#4847=CARTESIAN_POINT('',(-44.6990003576279,-66.0145373432528,15.));
#4848=CARTESIAN_POINT('',(-44.6990003576279,-66.0145373432528,3.75));
#4849=CARTESIAN_POINT('',(-44.6990003576279,-60.5150004321337,7.5));
#4850=CARTESIAN_POINT('',(-44.6990003576279,-66.1397688876933,7.5));
#4851=CARTESIAN_POINT('',(-44.6990003576279,-60.5150004321337,15.));
#4852=CARTESIAN_POINT('',(-44.6990003576279,-60.5150004321337,7.5));
#4853=CARTESIAN_POINT('',(-44.6990003576279,-60.5150004321337,15.));
#4854=CARTESIAN_POINT('Origin',(-48.4490003576279,-64.2650005438924,15.));
#4855=CARTESIAN_POINT('',(-44.6988921480572,-66.0145373432528,15.));
#4856=CARTESIAN_POINT('',(-44.6988921480572,-66.0145373432528,15.));
#4857=CARTESIAN_POINT('',(-50.1988921480572,-60.5150004321337,15.));
#4858=CARTESIAN_POINT('',(-52.1990003576279,-60.5150004321337,15.));
#4859=CARTESIAN_POINT('',(-50.1988921480572,-60.5145373432528,15.));
#4860=CARTESIAN_POINT('',(-50.1988921480572,-68.0145373432528,15.));
#4861=CARTESIAN_POINT('',(-44.6988921480572,-60.5145373432528,15.));
#4862=CARTESIAN_POINT('',(-52.1988921480572,-60.5145373432528,15.));
#4863=CARTESIAN_POINT('',(-44.6988921480572,-60.5145373432528,15.));
#4864=CARTESIAN_POINT('Origin',(-44.6990003576279,-60.5150004321337,7.5));
#4865=CARTESIAN_POINT('',(-50.1988921480572,-60.5150004321337,7.5));
#4866=CARTESIAN_POINT('',(-50.1988921480572,-60.5150004321337,3.75));
#4867=CARTESIAN_POINT('',(-46.5739462528425,-60.5150004321337,7.5));
#4868=CARTESIAN_POINT('Origin',(-50.1988921480572,-68.0145373432528,0.));
#4869=CARTESIAN_POINT('',(-50.1988921480572,-60.5145373432528,7.5));
#4870=CARTESIAN_POINT('',(-50.1988921480572,-66.1395373432528,7.5));
#4871=CARTESIAN_POINT('',(-50.1988921480572,-60.5145373432528,0.));
#4872=CARTESIAN_POINT('Origin',(-44.6988921480572,-66.0145373432528,0.));
#4873=CARTESIAN_POINT('',(-44.6988921480572,-66.0145373432528,7.5));
#4874=CARTESIAN_POINT('',(-44.6988921480572,-66.0145373432528,0.));
#4875=CARTESIAN_POINT('',(-46.5738921480572,-66.0145373432528,7.5));
#4876=CARTESIAN_POINT('Origin',(-48.4488921480572,-64.2645373432528,7.5));
#4877=CARTESIAN_POINT('',(-44.6988921480572,-60.5145373432528,7.5));
#4878=CARTESIAN_POINT('',(-44.6988921480572,-62.3895373432528,7.5));
#4879=CARTESIAN_POINT('',(-50.3238921480572,-60.5145373432528,7.5));
#4880=CARTESIAN_POINT('Origin',(-52.1988921480572,-60.5145373432528,0.));
#4881=CARTESIAN_POINT('',(-44.6988921480572,-60.5145373432528,0.));
#4882=CARTESIAN_POINT('Origin',(-44.6988921480572,-60.5145373432528,0.));
#4883=CARTESIAN_POINT('Origin',(-44.6988921480572,-143.014537343253,0.));
#4884=CARTESIAN_POINT('',(-44.6990001341105,-143.014537343253,7.5));
#4885=CARTESIAN_POINT('',(-44.6990001341105,-143.014537343253,15.));
#4886=CARTESIAN_POINT('',(-44.6990001341105,-143.014537343253,3.75));
#4887=CARTESIAN_POINT('',(-44.6988921480572,-143.014537343253,15.));
#4888=CARTESIAN_POINT('',(-44.6988921480572,-143.014537343253,15.));
#4889=CARTESIAN_POINT('',(-44.6988921480572,-143.014537343253,7.5));
#4890=CARTESIAN_POINT('',(-44.6988921480572,-143.014537343253,0.));
#4891=CARTESIAN_POINT('',(-46.5738921480572,-143.014537343253,7.5));
#4892=CARTESIAN_POINT('Origin',(-44.6988921480572,-135.514537343253,0.));
#4893=CARTESIAN_POINT('',(-44.6988921480572,-137.514537343253,15.));
#4894=CARTESIAN_POINT('',(-44.6988921480572,-137.514537343253,7.5));
#4895=CARTESIAN_POINT('',(-44.6988921480572,-137.514537343253,0.));
#4896=CARTESIAN_POINT('',(-44.6988921480572,-137.389537343253,7.5));
#4897=CARTESIAN_POINT('',(-44.6988921480572,-135.514537343253,15.));
#4898=CARTESIAN_POINT('Origin',(-52.1988921480572,-137.514537343253,0.));
#4899=CARTESIAN_POINT('',(-44.6990001341105,-137.514537343253,15.));
#4900=CARTESIAN_POINT('',(-44.6990001341105,-137.514537343253,7.5));
#4901=CARTESIAN_POINT('',(-44.6990001341105,-137.514537343253,3.75));
#4902=CARTESIAN_POINT('',(-50.3238921480572,-137.514537343253,7.5));
#4903=CARTESIAN_POINT('',(-52.1988921480572,-137.514537343253,15.));
#4904=CARTESIAN_POINT('Origin',(-48.4488921480572,-139.264537343253,7.5));
#4905=CARTESIAN_POINT('',(-44.6990001341105,-141.139768999452,7.5));
#4906=CARTESIAN_POINT('Origin',(-44.6990001341105,-143.015000655651,7.5));
#4907=CARTESIAN_POINT('',(-44.6990001341105,-135.515000655651,15.));
#4908=CARTESIAN_POINT('Origin',(-48.4490002458692,-139.265000655651,15.));
#4909=CARTESIAN_POINT('Origin',(-127.198892148057,-60.5145373432528,0.));
#4910=CARTESIAN_POINT('',(-121.698892148057,-60.5145373432528,7.5));
#4911=CARTESIAN_POINT('',(-121.698892148057,-60.5145373432528,15.));
#4912=CARTESIAN_POINT('',(-121.698892148057,-60.5145373432528,0.));
#4913=CARTESIAN_POINT('',(-127.198892148057,-60.5145373432528,15.));
#4914=CARTESIAN_POINT('',(-127.198892148057,-60.5145373432528,15.));
#4915=CARTESIAN_POINT('',(-127.198892148057,-60.5145373432528,7.5));
#4916=CARTESIAN_POINT('',(-127.198892148057,-60.5145373432528,0.));
#4917=CARTESIAN_POINT('',(-125.323892148057,-60.5145373432528,7.5));
#4918=CARTESIAN_POINT('Origin',(-123.448892148057,-64.2645373432528,7.5));
#4919=CARTESIAN_POINT('',(-127.198892148057,-60.5150008791688,7.5));
#4920=CARTESIAN_POINT('',(-121.698892148057,-60.5150008791688,7.5));
#4921=CARTESIAN_POINT('',(-121.573946252842,-60.5150008791688,7.5));
#4922=CARTESIAN_POINT('',(-121.698892148057,-62.3895373432528,7.5));
#4923=CARTESIAN_POINT('',(-127.198892148057,-66.1395373432528,7.5));
#4924=CARTESIAN_POINT('Origin',(-127.198892148057,-68.0145373432528,0.));
#4925=CARTESIAN_POINT('',(-127.198892148057,-60.5150008791688,15.));
#4926=CARTESIAN_POINT('',(-127.198892148057,-60.5150008791688,3.75));
#4927=CARTESIAN_POINT('',(-127.198892148057,-68.0145373432528,15.));
#4928=CARTESIAN_POINT('Origin',(-121.698892148057,-60.5145373432528,0.));
#4929=CARTESIAN_POINT('',(-121.698892148057,-60.5150008791688,15.));
#4930=CARTESIAN_POINT('',(-121.698892148057,-60.5150008791688,3.75));
#4931=CARTESIAN_POINT('',(-121.698892148057,-60.5145373432528,15.));
#4932=CARTESIAN_POINT('Origin',(-119.699000357628,-60.5150008791688,7.5));
#4933=CARTESIAN_POINT('',(-127.199000357628,-60.5150008791688,15.));
#4934=CARTESIAN_POINT('Origin',(-123.449000245869,-64.2650008791688,15.));
#4935=UNCERTAINTY_MEASURE_WITH_UNIT(LENGTH_MEASURE(0.01),#4939,
'DISTANCE_ACCURACY_VALUE',
'Maximum model space distance between geometric entities at asserted c
onnectivities');
#4936=UNCERTAINTY_MEASURE_WITH_UNIT(LENGTH_MEASURE(0.01),#4939,
'DISTANCE_ACCURACY_VALUE',
'Maximum model space distance between geometric entities at asserted c
onnectivities');
#4937=(
GEOMETRIC_REPRESENTATION_CONTEXT(3)
GLOBAL_UNCERTAINTY_ASSIGNED_CONTEXT((#4935))
GLOBAL_UNIT_ASSIGNED_CONTEXT((#4939,#4940,#4941))
REPRESENTATION_CONTEXT('','3D')
);
#4938=(
GEOMETRIC_REPRESENTATION_CONTEXT(3)
GLOBAL_UNCERTAINTY_ASSIGNED_CONTEXT((#4936))
GLOBAL_UNIT_ASSIGNED_CONTEXT((#4939,#4940,#4941))
REPRESENTATION_CONTEXT('','3D')
);
#4939=(
LENGTH_UNIT()
NAMED_UNIT(*)
SI_UNIT(.MILLI.,.METRE.)
);
#4940=(
NAMED_UNIT(*)
PLANE_ANGLE_UNIT()
SI_UNIT($,.RADIAN.)
);
#4941=(
NAMED_UNIT(*)
SI_UNIT($,.STERADIAN.)
SOLID_ANGLE_UNIT()
);
#4942=SHAPE_DEFINITION_REPRESENTATION(#4943,#4944);
#4943=PRODUCT_DEFINITION_SHAPE('',$,#4946);
#4944=SHAPE_REPRESENTATION('',(#3136),#4937);
#4945=PRODUCT_DEFINITION_CONTEXT('part definition',#4950,'design');
#4946=PRODUCT_DEFINITION('Luma','Luma v38',#4947,#4945);
#4947=PRODUCT_DEFINITION_FORMATION('',$,#4952);
#4948=PRODUCT_RELATED_PRODUCT_CATEGORY('Luma v38','Luma v38',(#4952));
#4949=APPLICATION_PROTOCOL_DEFINITION('international standard',
'automotive_design',2009,#4950);
#4950=APPLICATION_CONTEXT(
'Core Data for Automotive Mechanical Design Process');
#4951=PRODUCT_CONTEXT('part definition',#4950,'mechanical');
#4952=PRODUCT('Luma','Luma v38',$,(#4951));
#4953=PRESENTATION_STYLE_ASSIGNMENT((#4968));
#4954=PRESENTATION_STYLE_ASSIGNMENT((#4969));
#4955=PRESENTATION_STYLE_ASSIGNMENT((#4970));
#4956=PRESENTATION_STYLE_ASSIGNMENT((#4971));
#4957=PRESENTATION_STYLE_ASSIGNMENT((#4972));
#4958=PRESENTATION_STYLE_ASSIGNMENT((#4973));
#4959=PRESENTATION_STYLE_ASSIGNMENT((#4974));
#4960=PRESENTATION_STYLE_ASSIGNMENT((#4975));
#4961=PRESENTATION_STYLE_ASSIGNMENT((#4976));
#4962=PRESENTATION_STYLE_ASSIGNMENT((#4977));
#4963=PRESENTATION_STYLE_ASSIGNMENT((#4978));
#4964=PRESENTATION_STYLE_ASSIGNMENT((#4979));
#4965=PRESENTATION_STYLE_ASSIGNMENT((#4980));
#4966=PRESENTATION_STYLE_ASSIGNMENT((#4981));
#4967=PRESENTATION_STYLE_ASSIGNMENT((#4982));
#4968=SURFACE_STYLE_USAGE(.BOTH.,#4983);
#4969=SURFACE_STYLE_USAGE(.BOTH.,#4984);
#4970=SURFACE_STYLE_USAGE(.BOTH.,#4985);
#4971=SURFACE_STYLE_USAGE(.BOTH.,#4986);
#4972=SURFACE_STYLE_USAGE(.BOTH.,#4987);
#4973=SURFACE_STYLE_USAGE(.BOTH.,#4988);
#4974=SURFACE_STYLE_USAGE(.BOTH.,#4989);
#4975=SURFACE_STYLE_USAGE(.BOTH.,#4990);
#4976=SURFACE_STYLE_USAGE(.BOTH.,#4991);
#4977=SURFACE_STYLE_USAGE(.BOTH.,#4992);
#4978=SURFACE_STYLE_USAGE(.BOTH.,#4993);
#4979=SURFACE_STYLE_USAGE(.BOTH.,#4994);
#4980=SURFACE_STYLE_USAGE(.BOTH.,#4995);
#4981=SURFACE_STYLE_USAGE(.BOTH.,#4996);
#4982=SURFACE_STYLE_USAGE(.BOTH.,#4997);
#4983=SURFACE_SIDE_STYLE('',(#4998));
#4984=SURFACE_SIDE_STYLE('',(#4999));
#4985=SURFACE_SIDE_STYLE('',(#5000));
#4986=SURFACE_SIDE_STYLE('',(#5001));
#4987=SURFACE_SIDE_STYLE('',(#5002));
#4988=SURFACE_SIDE_STYLE('',(#5003));
#4989=SURFACE_SIDE_STYLE('',(#5004));
#4990=SURFACE_SIDE_STYLE('',(#5005));
#4991=SURFACE_SIDE_STYLE('',(#5006));
#4992=SURFACE_SIDE_STYLE('',(#5007));
#4993=SURFACE_SIDE_STYLE('',(#5008));
#4994=SURFACE_SIDE_STYLE('',(#5009));
#4995=SURFACE_SIDE_STYLE('',(#5010));
#4996=SURFACE_SIDE_STYLE('',(#5011));
#4997=SURFACE_SIDE_STYLE('',(#5012));
#4998=SURFACE_STYLE_FILL_AREA(#5013);
#4999=SURFACE_STYLE_FILL_AREA(#5014);
#5000=SURFACE_STYLE_FILL_AREA(#5015);
#5001=SURFACE_STYLE_FILL_AREA(#5016);
#5002=SURFACE_STYLE_FILL_AREA(#5017);
#5003=SURFACE_STYLE_FILL_AREA(#5018);
#5004=SURFACE_STYLE_FILL_AREA(#5019);
#5005=SURFACE_STYLE_FILL_AREA(#5020);
#5006=SURFACE_STYLE_FILL_AREA(#5021);
#5007=SURFACE_STYLE_FILL_AREA(#5022);
#5008=SURFACE_STYLE_FILL_AREA(#5023);
#5009=SURFACE_STYLE_FILL_AREA(#5024);
#5010=SURFACE_STYLE_FILL_AREA(#5025);
#5011=SURFACE_STYLE_FILL_AREA(#5026);
#5012=SURFACE_STYLE_FILL_AREA(#5027);
#5013=FILL_AREA_STYLE('Opaque(246,179,39)',(#5028));
#5014=FILL_AREA_STYLE('Opaque(160,160,160)',(#5029));
#5015=FILL_AREA_STYLE('Opaque(246,246,243)',(#5030));
#5016=FILL_AREA_STYLE('Opaque(245,245,246)',(#5031));
#5017=FILL_AREA_STYLE('Opaque(255,255,255)',(#5032));
#5018=FILL_AREA_STYLE('Opaque(202,209,238)',(#5033));
#5019=FILL_AREA_STYLE('Opaque(146,134,121)',(#5034));
#5020=FILL_AREA_STYLE('Opaque(203,203,203)',(#5035));
#5021=FILL_AREA_STYLE('Opaque(251,250,245)',(#5036));
#5022=FILL_AREA_STYLE('Opaque(25,25,25)',(#5037));
#5023=FILL_AREA_STYLE('Opaque(63,63,63)',(#5038));
#5024=FILL_AREA_STYLE('Steel - Satin',(#5039));
#5025=FILL_AREA_STYLE('LED (Blue)',(#5040));
#5026=FILL_AREA_STYLE('ABS (Black)',(#5041));
#5027=FILL_AREA_STYLE('Acrylic (Opaque)',(#5042));
#5028=FILL_AREA_STYLE_COLOUR('Opaque(246,179,39)',#5043);
#5029=FILL_AREA_STYLE_COLOUR('Opaque(160,160,160)',#5044);
#5030=FILL_AREA_STYLE_COLOUR('Opaque(246,246,243)',#5045);
#5031=FILL_AREA_STYLE_COLOUR('Opaque(245,245,246)',#5046);
#5032=FILL_AREA_STYLE_COLOUR('Opaque(255,255,255)',#5047);
#5033=FILL_AREA_STYLE_COLOUR('Opaque(202,209,238)',#5048);
#5034=FILL_AREA_STYLE_COLOUR('Opaque(146,134,121)',#5049);
#5035=FILL_AREA_STYLE_COLOUR('Opaque(203,203,203)',#5050);
#5036=FILL_AREA_STYLE_COLOUR('Opaque(251,250,245)',#5051);
#5037=FILL_AREA_STYLE_COLOUR('Opaque(25,25,25)',#5052);
#5038=FILL_AREA_STYLE_COLOUR('Opaque(63,63,63)',#5053);
#5039=FILL_AREA_STYLE_COLOUR('Steel - Satin',#5054);
#5040=FILL_AREA_STYLE_COLOUR('LED (Blue)',#5055);
#5041=FILL_AREA_STYLE_COLOUR('ABS (Black)',#5056);
#5042=FILL_AREA_STYLE_COLOUR('Acrylic (Opaque)',#5057);
#5043=COLOUR_RGB('Opaque(246,179,39)',0.964705882352941,0.701960784313725,
0.152941176470588);
#5044=COLOUR_RGB('Opaque(160,160,160)',0.627450980392157,0.627450980392157,
0.627450980392157);
#5045=COLOUR_RGB('Opaque(246,246,243)',0.964705882352941,0.964705882352941,
0.952941176470588);
#5046=COLOUR_RGB('Opaque(245,245,246)',0.96078431372549,0.96078431372549,
0.964705882352941);
#5047=COLOUR_RGB('Opaque(255,255,255)',1.,1.,1.);
#5048=COLOUR_RGB('Opaque(202,209,238)',0.792156862745098,0.819607843137255,
0.933333333333333);
#5049=COLOUR_RGB('Opaque(146,134,121)',0.572549019607843,0.525490196078431,
0.474509803921569);
#5050=COLOUR_RGB('Opaque(203,203,203)',0.796078431372549,0.796078431372549,
0.796078431372549);
#5051=COLOUR_RGB('Opaque(251,250,245)',0.984313725490196,0.980392156862745,
0.96078431372549);
#5052=COLOUR_RGB('Opaque(25,25,25)',0.0980392156862745,0.0980392156862745,
0.0980392156862745);
#5053=COLOUR_RGB('Opaque(63,63,63)',0.250980392156863,0.250980392156863,
0.250980392156863);
#5054=COLOUR_RGB('Steel - Satin',0.627450980392157,0.627450980392157,0.627450980392157);
#5055=COLOUR_RGB('LED (Blue)',0.188235294117647,0.231372549019608,0.588235294117647);
#5056=COLOUR_RGB('ABS (Black)',0.00784313725490196,0.00784313725490196,
0.00784313725490196);
#5057=COLOUR_RGB('Acrylic (Opaque)',0.964705882352941,0.964705882352941,
0.952941176470588);
ENDSEC;
END-ISO-10303-21;
